Date,Close/Last,Volume,Open,High,Low,Brand
5/9/23,$1.02 ,10608,$1.02 ,$1.03 ,$1.01 ,FORD
5/8/23,$1.02 ,23868,$1.01 ,$1.03 ,$1.01 ,FORD
5/5/23,$1.02 ,9628,$1.01 ,$1.02 ,$1.01 ,FORD
5/4/23,$1.02 ,21342,$1.02 ,$1.04 ,$1.02 ,FORD
5/3/23,$1.02 ,41917,$1.02 ,$1.04 ,$1.01 ,FORD
5/2/23,$1.01 ,13259,$1.00 ,$1.03 ,$1.00 ,FORD
5/1/23,$1.01 ,48061,$1.02 ,$1.04 ,$1.00 ,FORD
4/28/23,$1.02 ,11343,$1.06 ,$1.06 ,$1.01 ,FORD
4/27/23,$1.03 ,7226,$1.03 ,$1.04 ,$1.03 ,FORD
4/26/23,$1.02 ,7819,$1.05 ,$1.05 ,$1.01 ,FORD
4/25/23,$1.02 ,7099,$1.02 ,$1.03 ,$1.02 ,FORD
4/24/23,$1.04 ,7350,$1.03 ,$1.06 ,$1.03 ,FORD
4/21/23,$1.04 ,6421,$1.04 ,$1.06 ,$1.03 ,FORD
4/20/23,$1.05 ,24804,$1.05 ,$1.06 ,$1.00 ,FORD
4/19/23,$1.05 ,19571,$1.07 ,$1.07 ,$1.05 ,FORD
4/18/23,$1.07 ,11705,$1.12 ,$1.12 ,$1.07 ,FORD
4/17/23,$1.09 ,6424,$1.12 ,$1.12 ,$1.09 ,FORD
4/14/23,$1.10 ,6588,$1.14 ,$1.15 ,$1.10 ,FORD
4/13/23,$1.17 ,10865,$1.20 ,$1.21 ,$1.15 ,FORD
4/12/23,$1.21 ,39821,$1.15 ,$1.21 ,$1.14 ,FORD
4/11/23,$1.15 ,7314,$1.12 ,$1.17 ,$1.12 ,FORD
4/10/23,$1.15 ,10233,$1.12 ,$1.18 ,$1.12 ,FORD
4/6/23,$1.16 ,39491,$1.15 ,$1.20 ,$1.15 ,FORD
4/5/23,$1.14 ,28590,$1.14 ,$1.16 ,$1.13 ,FORD
4/4/23,$1.14 ,17718,$1.15 ,$1.16 ,$1.14 ,FORD
4/3/23,$1.15 ,56745,$1.14 ,$1.17 ,$1.11 ,FORD
3/31/23,$1.12 ,34561,$1.10 ,$1.12 ,$1.09 ,FORD
3/30/23,$1.07 ,11517,$1.04 ,$1.07 ,$1.02 ,FORD
3/29/23,$1.05 ,17466,$1.04 ,$1.06 ,$1.03 ,FORD
3/28/23,$1.02 ,28348,$1.00 ,$1.06 ,$0.95 ,FORD
3/27/23,$1.01 ,17468,$1.01 ,$1.05 ,$1.01 ,FORD
3/24/23,$1.05 ,13304,$1.03 ,$1.05 ,$1.00 ,FORD
3/23/23,$1.03 ,36409,$1.04 ,$1.04 ,$1.00 ,FORD
3/22/23,$1.01 ,17228,$1.00 ,$1.04 ,$1.00 ,FORD
3/21/23,$1.01 ,35755,$1.03 ,$1.03 ,$1.00 ,FORD
3/20/23,$1.01 ,39555,$1.04 ,$1.04 ,$1.00 ,FORD
3/17/23,$1.05 ,15394,$1.04 ,$1.09 ,$1.04 ,FORD
3/16/23,$1.06 ,95073,$1.11 ,$1.20 ,$1.03 ,FORD
3/15/23,$1.12 ,27370,$1.11 ,$1.17 ,$1.10 ,FORD
3/14/23,$1.13 ,8232,$1.11 ,$1.16 ,$1.11 ,FORD
3/13/23,$1.11 ,22817,$1.13 ,$1.16 ,$1.11 ,FORD
3/10/23,$1.14 ,14898,$1.14 ,$1.16 ,$1.11 ,FORD
3/9/23,$1.14 ,18439,$1.13 ,$1.18 ,$1.13 ,FORD
3/8/23,$1.12 ,16997,$1.20 ,$1.20 ,$1.12 ,FORD
3/7/23,$1.17 ,16559,$1.21 ,$1.23 ,$1.15 ,FORD
3/6/23,$1.21 ,42583,$1.12 ,$1.21 ,$1.12 ,FORD
3/3/23,$1.12 ,29942,$1.12 ,$1.14 ,$1.11 ,FORD
3/2/23,$1.12 ,22063,$1.12 ,$1.14 ,$1.12 ,FORD
3/1/23,$1.13 ,31367,$1.13 ,$1.16 ,$1.12 ,FORD
2/28/23,$1.13 ,13357,$1.14 ,$1.17 ,$1.12 ,FORD
2/27/23,$1.12 ,16001,$1.13 ,$1.16 ,$1.12 ,FORD
2/24/23,$1.14 ,6619,$1.14 ,$1.17 ,$1.13 ,FORD
2/23/23,$1.17 ,19742,$1.15 ,$1.21 ,$1.13 ,FORD
2/22/23,$1.14 ,14090,$1.15 ,$1.18 ,$1.12 ,FORD
2/21/23,$1.15 ,26828,$1.26 ,$1.26 ,$1.12 ,FORD
2/17/23,$1.25 ,23737,$1.27 ,$1.30 ,$1.25 ,FORD
2/16/23,$1.28 ,29169,$1.26 ,$1.32 ,$1.26 ,FORD
2/15/23,$1.32 ,20692,$1.35 ,$1.35 ,$1.30 ,FORD
2/14/23,$1.32 ,72006,$1.29 ,$1.36 ,$1.24 ,FORD
2/13/23,$1.36 ,232312,$1.31 ,$1.36 ,$1.26 ,FORD
2/10/23,$1.30 ,17060,$1.32 ,$1.34 ,$1.26 ,FORD
2/9/23,$1.32 ,41726,$1.34 ,$1.36 ,$1.28 ,FORD
2/8/23,$1.31 ,24890,$1.29 ,$1.31 ,$1.27 ,FORD
2/7/23,$1.29 ,14678,$1.26 ,$1.29 ,$1.25 ,FORD
2/6/23,$1.27 ,87688,$1.26 ,$1.31 ,$1.21 ,FORD
2/3/23,$1.26 ,29943,$1.31 ,$1.32 ,$1.26 ,FORD
2/2/23,$1.29 ,25961,$1.30 ,$1.31 ,$1.27 ,FORD
2/1/23,$1.29 ,20050,$1.31 ,$1.31 ,$1.27 ,FORD
1/31/23,$1.26 ,33406,$1.27 ,$1.31 ,$1.25 ,FORD
1/30/23,$1.26 ,33339,$1.19 ,$1.26 ,$1.18 ,FORD
1/27/23,$1.19 ,25637,$1.20 ,$1.23 ,$1.18 ,FORD
1/26/23,$1.23 ,23905,$1.25 ,$1.26 ,$1.19 ,FORD
1/25/23,$1.26 ,15271,$1.23 ,$1.26 ,$1.23 ,FORD
1/24/23,$1.21 ,17069,$1.22 ,$1.27 ,$1.20 ,FORD
1/23/23,$1.27 ,15034,$1.31 ,$1.31 ,$1.25 ,FORD
1/20/23,$1.29 ,33573,$1.26 ,$1.33 ,$1.22 ,FORD
1/19/23,$1.26 ,17156,$1.25 ,$1.27 ,$1.22 ,FORD
1/18/23,$1.27 ,11505,$1.26 ,$1.27 ,$1.26 ,FORD
1/17/23,$1.26 ,10420,$1.26 ,$1.27 ,$1.25 ,FORD
1/13/23,$1.23 ,23552,$1.17 ,$1.25 ,$1.17 ,FORD
1/12/23,$1.16 ,17794,$1.16 ,$1.16 ,$1.14 ,FORD
1/11/23,$1.12 ,44986,$1.13 ,$1.17 ,$1.12 ,FORD
1/10/23,$1.12 ,17496,$1.12 ,$1.13 ,$1.11 ,FORD
1/9/23,$1.12 ,39660,$1.14 ,$1.14 ,$1.06 ,FORD
1/6/23,$1.11 ,38391,$1.09 ,$1.16 ,$1.09 ,FORD
1/5/23,$1.08 ,26847,$1.07 ,$1.08 ,$1.05 ,FORD
1/4/23,$1.04 ,37488,$1.01 ,$1.08 ,$1.01 ,FORD
1/3/23,$1.03 ,19559,$1.04 ,$1.07 ,$1.03 ,FORD
12/30/22,$1.07 ,24792,$1.04 ,$1.10 ,$1.04 ,FORD
12/29/22,$1.06 ,8719,$1.05 ,$1.08 ,$1.04 ,FORD
12/28/22,$1.05 ,13923,$1.05 ,$1.13 ,$1.04 ,FORD
12/27/22,$1.04 ,25195,$1.13 ,$1.13 ,$1.04 ,FORD
12/23/22,$1.12 ,5935,$1.08 ,$1.12 ,$1.08 ,FORD
12/22/22,$1.09 ,20963,$1.10 ,$1.10 ,$1.08 ,FORD
12/21/22,$1.10 ,9752,$1.16 ,$1.16 ,$1.10 ,FORD
12/20/22,$1.14 ,33525,$1.13 ,$1.16 ,$1.12 ,FORD
12/19/22,$1.13 ,24275,$1.12 ,$1.18 ,$1.12 ,FORD
12/16/22,$1.14 ,13997,$1.14 ,$1.16 ,$1.12 ,FORD
12/15/22,$1.15 ,16872,$1.15 ,$1.21 ,$1.14 ,FORD
12/14/22,$1.18 ,5502,$1.20 ,$1.22 ,$1.18 ,FORD
12/13/22,$1.20 ,5595,$1.14 ,$1.24 ,$1.14 ,FORD
12/12/22,$1.20 ,7670,$1.25 ,$1.25 ,$1.18 ,FORD
12/9/22,$1.25 ,7847,$1.18 ,$1.27 ,$1.18 ,FORD
12/8/22,$1.20 ,14290,$1.21 ,$1.21 ,$1.18 ,FORD
12/7/22,$1.23 ,1534,$1.22 ,$1.23 ,$1.21 ,FORD
12/6/22,$1.23 ,6898,$1.22 ,$1.23 ,$1.20 ,FORD
12/5/22,$1.21 ,6880,$1.27 ,$1.27 ,$1.21 ,FORD
12/2/22,$1.27 ,7043,$1.26 ,$1.28 ,$1.26 ,FORD
12/1/22,$1.26 ,5588,$1.25 ,$1.26 ,$1.24 ,FORD
11/30/22,$1.24 ,9864,$1.22 ,$1.26 ,$1.22 ,FORD
11/29/22,$1.24 ,5252,$1.23 ,$1.26 ,$1.22 ,FORD
11/28/22,$1.22 ,7377,$1.22 ,$1.25 ,$1.22 ,FORD
11/25/22,$1.24 ,3857,$1.25 ,$1.25 ,$1.22 ,FORD
11/23/22,$1.25 ,13006,$1.24 ,$1.27 ,$1.22 ,FORD
11/22/22,$1.24 ,6939,$1.26 ,$1.28 ,$1.22 ,FORD
11/21/22,$1.24 ,12358,$1.28 ,$1.31 ,$1.23 ,FORD
11/18/22,$1.28 ,4279,$1.25 ,$1.28 ,$1.25 ,FORD
11/17/22,$1.26 ,6691,$1.28 ,$1.31 ,$1.25 ,FORD
11/16/22,$1.28 ,5338,$1.30 ,$1.33 ,$1.26 ,FORD
11/15/22,$1.31 ,30480,$1.31 ,$1.34 ,$1.30 ,FORD
11/14/22,$1.28 ,8465,$1.21 ,$1.28 ,$1.21 ,FORD
11/11/22,$1.21 ,68142,$1.20 ,$1.25 ,$1.20 ,FORD
11/10/22,$1.21 ,6340,$1.22 ,$1.25 ,$1.20 ,FORD
11/9/22,$1.24 ,41542,$1.27 ,$1.28 ,$1.21 ,FORD
11/8/22,$1.26 ,5516,$1.24 ,$1.26 ,$1.22 ,FORD
11/7/22,$1.24 ,7295,$1.27 ,$1.27 ,$1.22 ,FORD
11/4/22,$1.22 ,21976,$1.19 ,$1.25 ,$1.19 ,FORD
11/3/22,$1.26 ,18922,$1.26 ,$1.26 ,$1.24 ,FORD
11/2/22,$1.26 ,11645,$1.28 ,$1.30 ,$1.26 ,FORD
11/1/22,$1.28 ,7316,$1.33 ,$1.34 ,$1.27 ,FORD
10/31/22,$1.31 ,50547,$1.25 ,$1.34 ,$1.25 ,FORD
10/28/22,$1.29 ,36127,$1.32 ,$1.34 ,$1.27 ,FORD
10/27/22,$1.32 ,26928,$1.26 ,$1.34 ,$1.25 ,FORD
10/26/22,$1.32 ,4678,$1.36 ,$1.39 ,$1.32 ,FORD
10/25/22,$1.35 ,13571,$1.40 ,$1.40 ,$1.32 ,FORD
10/24/22,$1.36 ,19265,$1.31 ,$1.36 ,$1.27 ,FORD
10/21/22,$1.28 ,16961,$1.36 ,$1.36 ,$1.26 ,FORD
10/20/22,$1.32 ,3728,$1.30 ,$1.37 ,$1.28 ,FORD
10/19/22,$1.30 ,8613,$1.38 ,$1.42 ,$1.30 ,FORD
10/18/22,$1.37 ,11602,$1.37 ,$1.39 ,$1.34 ,FORD
10/17/22,$1.33 ,33334,$1.27 ,$1.45 ,$1.26 ,FORD
10/14/22,$1.27 ,10560,$1.31 ,$1.31 ,$1.27 ,FORD
10/13/22,$1.31 ,12014,$1.28 ,$1.31 ,$1.28 ,FORD
10/12/22,$1.29 ,12619,$1.28 ,$1.32 ,$1.27 ,FORD
10/11/22,$1.27 ,14364,$1.30 ,$1.32 ,$1.27 ,FORD
10/10/22,$1.31 ,10580,$1.34 ,$1.34 ,$1.29 ,FORD
10/7/22,$1.35 ,5152,$1.36 ,$1.36 ,$1.35 ,FORD
10/6/22,$1.38 ,8713,$1.41 ,$1.41 ,$1.37 ,FORD
10/5/22,$1.41 ,30782,$1.50 ,$1.50 ,$1.37 ,FORD
10/4/22,$1.39 ,80297,$1.50 ,$1.50 ,$1.31 ,FORD
10/3/22,$1.43 ,10496,$1.38 ,$1.44 ,$1.38 ,FORD
9/30/22,$1.33 ,50251,$1.37 ,$1.42 ,$1.33 ,FORD
9/29/22,$1.34 ,16687,$1.26 ,$1.37 ,$1.26 ,FORD
9/28/22,$1.30 ,13177,$1.34 ,$1.34 ,$1.28 ,FORD
9/27/22,$1.32 ,10538,$1.28 ,$1.33 ,$1.26 ,FORD
9/26/22,$1.26 ,12008,$1.26 ,$1.35 ,$1.25 ,FORD
9/23/22,$1.29 ,10855,$1.27 ,$1.30 ,$1.27 ,FORD
9/22/22,$1.31 ,8496,$1.33 ,$1.35 ,$1.30 ,FORD
9/21/22,$1.32 ,22694,$1.42 ,$1.42 ,$1.31 ,FORD
9/20/22,$1.38 ,22837,$1.40 ,$1.44 ,$1.35 ,FORD
9/19/22,$1.40 ,15248,$1.34 ,$1.44 ,$1.34 ,FORD
9/16/22,$1.34 ,57668,$1.48 ,$1.48 ,$1.33 ,FORD
9/15/22,$1.43 ,9889,$1.45 ,$1.45 ,$1.39 ,FORD
9/14/22,$1.42 ,139064,$1.25 ,$1.58 ,$1.25 ,FORD
9/13/22,$1.28 ,492896,$1.43 ,$1.77 ,$1.23 ,FORD
9/12/22,$1.47 ,25419,$1.43 ,$1.49 ,$1.43 ,FORD
9/9/22,$1.46 ,25553,$1.52 ,$1.52 ,$1.43 ,FORD
9/8/22,$1.48 ,31009,$1.46 ,$1.48 ,$1.43 ,FORD
9/7/22,$1.47 ,12336,$1.43 ,$1.47 ,$1.40 ,FORD
9/6/22,$1.46 ,39719,$1.45 ,$1.48 ,$1.41 ,FORD
9/2/22,$1.48 ,16915,$1.51 ,$1.55 ,$1.47 ,FORD
9/1/22,$1.52 ,9922,$1.54 ,$1.56 ,$1.50 ,FORD
8/31/22,$1.57 ,19805,$1.61 ,$1.61 ,$1.56 ,FORD
8/30/22,$1.57 ,8967,$1.58 ,$1.63 ,$1.56 ,FORD
8/29/22,$1.55 ,7138,$1.59 ,$1.60 ,$1.55 ,FORD
8/26/22,$1.63 ,21737,$1.57 ,$1.65 ,$1.57 ,FORD
8/25/22,$1.60 ,25839,$1.59 ,$1.62 ,$1.58 ,FORD
8/24/22,$1.60 ,17117,$1.59 ,$1.64 ,$1.58 ,FORD
8/23/22,$1.58 ,12981,$1.60 ,$1.64 ,$1.57 ,FORD
8/22/22,$1.60 ,36236,$1.54 ,$1.65 ,$1.52 ,FORD
8/19/22,$1.66 ,16961,$1.66 ,$1.70 ,$1.65 ,FORD
8/18/22,$1.69 ,12987,$1.71 ,$1.71 ,$1.66 ,FORD
8/17/22,$1.71 ,42596,$1.78 ,$1.78 ,$1.71 ,FORD
8/16/22,$1.78 ,21261,$1.80 ,$1.80 ,$1.72 ,FORD
8/15/22,$1.77 ,52427,$1.84 ,$1.85 ,$1.73 ,FORD
8/12/22,$1.79 ,111508,$1.76 ,$1.85 ,$1.71 ,FORD
8/11/22,$1.76 ,23658,$1.73 ,$1.77 ,$1.70 ,FORD
8/10/22,$1.77 ,19282,$1.79 ,$1.79 ,$1.73 ,FORD
8/9/22,$1.71 ,30737,$1.78 ,$1.79 ,$1.69 ,FORD
8/8/22,$1.78 ,99601,$1.72 ,$1.79 ,$1.70 ,FORD
8/5/22,$1.70 ,16805,$1.65 ,$1.72 ,$1.65 ,FORD
8/4/22,$1.69 ,54746,$1.78 ,$1.78 ,$1.62 ,FORD
8/3/22,$1.75 ,73053,$1.70 ,$1.80 ,$1.64 ,FORD
8/2/22,$1.64 ,32688,$1.61 ,$1.70 ,$1.61 ,FORD
8/1/22,$1.65 ,43553,$1.72 ,$1.72 ,$1.57 ,FORD
7/29/22,$1.71 ,25807,$1.75 ,$1.75 ,$1.67 ,FORD
7/28/22,$1.71 ,68576,$1.65 ,$1.79 ,$1.65 ,FORD
7/27/22,$1.73 ,50953,$1.60 ,$1.79 ,$1.60 ,FORD
7/26/22,$1.76 ,184580,$1.69 ,$1.87 ,$1.68 ,FORD
7/25/22,$1.68 ,34980,$1.70 ,$1.76 ,$1.68 ,FORD
7/22/22,$1.73 ,8080,$1.74 ,$1.74 ,$1.64 ,FORD
7/21/22,$1.73 ,13340,$1.72 ,$1.73 ,$1.69 ,FORD
7/20/22,$1.74 ,15447,$1.72 ,$1.76 ,$1.71 ,FORD
7/19/22,$1.70 ,18951,$1.69 ,$1.70 ,$1.65 ,FORD
7/18/22,$1.63 ,13683,$1.65 ,$1.66 ,$1.59 ,FORD
7/15/22,$1.62 ,10088,$1.58 ,$1.65 ,$1.57 ,FORD
7/14/22,$1.60 ,17078,$1.58 ,$1.65 ,$1.58 ,FORD
7/13/22,$1.59 ,13805,$1.54 ,$1.60 ,$1.54 ,FORD
7/12/22,$1.55 ,15911,$1.54 ,$1.60 ,$1.54 ,FORD
7/11/22,$1.58 ,8826,$1.56 ,$1.58 ,$1.52 ,FORD
7/8/22,$1.55 ,15782,$1.53 ,$1.61 ,$1.53 ,FORD
7/7/22,$1.60 ,14244,$1.59 ,$1.61 ,$1.53 ,FORD
7/6/22,$1.61 ,9948,$1.58 ,$1.62 ,$1.55 ,FORD
7/5/22,$1.59 ,35505,$1.59 ,$1.60 ,$1.55 ,FORD
7/1/22,$1.54 ,15716,$1.46 ,$1.60 ,$1.43 ,FORD
6/30/22,$1.47 ,8719,$1.50 ,$1.52 ,$1.45 ,FORD
6/29/22,$1.49 ,15743,$1.48 ,$1.55 ,$1.48 ,FORD
6/28/22,$1.52 ,16277,$1.45 ,$1.55 ,$1.44 ,FORD
6/27/22,$1.51 ,20224,$1.50 ,$1.52 ,$1.46 ,FORD
6/24/22,$1.50 ,16602,$1.46 ,$1.51 ,$1.43 ,FORD
6/23/22,$1.49 ,9642,$1.52 ,$1.52 ,$1.47 ,FORD
6/22/22,$1.50 ,10232,$1.47 ,$1.50 ,$1.43 ,FORD
6/21/22,$1.49 ,28464,$1.44 ,$1.49 ,$1.40 ,FORD
6/17/22,$1.48 ,18759,$1.46 ,$1.49 ,$1.40 ,FORD
6/16/22,$1.44 ,39024,$1.45 ,$1.52 ,$1.39 ,FORD
6/15/22,$1.48 ,16872,$1.54 ,$1.54 ,$1.45 ,FORD
6/14/22,$1.51 ,29636,$1.43 ,$1.62 ,$1.43 ,FORD
6/13/22,$1.46 ,33464,$1.44 ,$1.57 ,$1.43 ,FORD
6/10/22,$1.62 ,44266,$1.69 ,$1.69 ,$1.55 ,FORD
6/9/22,$1.59 ,16305,$1.65 ,$1.70 ,$1.57 ,FORD
6/8/22,$1.57 ,10113,$1.62 ,$1.62 ,$1.55 ,FORD
6/7/22,$1.62 ,43132,$1.61 ,$1.70 ,$1.59 ,FORD
6/6/22,$1.60 ,24041,$1.59 ,$1.64 ,$1.55 ,FORD
6/3/22,$1.48 ,16324,$1.40 ,$1.49 ,$1.40 ,FORD
6/2/22,$1.43 ,23827,$1.37 ,$1.46 ,$1.37 ,FORD
6/1/22,$1.40 ,7846,$1.40 ,$1.42 ,$1.40 ,FORD
5/31/22,$1.43 ,30804,$1.44 ,$1.48 ,$1.40 ,FORD
5/27/22,$1.46 ,22160,$1.47 ,$1.53 ,$1.41 ,FORD
5/26/22,$1.48 ,17983,$1.45 ,$1.51 ,$1.45 ,FORD
5/25/22,$1.51 ,8654,$1.47 ,$1.53 ,$1.47 ,FORD
5/24/22,$1.50 ,25677,$1.58 ,$1.60 ,$1.45 ,FORD
5/23/22,$1.60 ,45902,$1.54 ,$1.61 ,$1.54 ,FORD
5/20/22,$1.47 ,22295,$1.55 ,$1.62 ,$1.45 ,FORD
5/19/22,$1.50 ,18543,$1.44 ,$1.50 ,$1.43 ,FORD
5/18/22,$1.34 ,24259,$1.39 ,$1.39 ,$1.30 ,FORD
5/17/22,$1.45 ,27899,$1.51 ,$1.51 ,$1.40 ,FORD
5/16/22,$1.39 ,67948,$1.11 ,$1.42 ,$1.06 ,FORD
5/13/22,$1.45 ,43388,$1.42 ,$1.48 ,$1.41 ,FORD
5/12/22,$1.45 ,27311,$1.45 ,$1.50 ,$1.41 ,FORD
5/11/22,$1.45 ,26982,$1.44 ,$1.49 ,$1.42 ,FORD
5/10/22,$1.47 ,27367,$1.51 ,$1.51 ,$1.43 ,FORD
5/9/22,$1.53 ,25822,$1.63 ,$1.64 ,$1.50 ,FORD
5/6/22,$1.63 ,29829,$1.61 ,$1.70 ,$1.59 ,FORD
5/5/22,$1.63 ,31008,$1.57 ,$1.63 ,$1.57 ,FORD
5/4/22,$1.60 ,28915,$1.58 ,$1.61 ,$1.52 ,FORD
5/3/22,$1.58 ,16517,$1.59 ,$1.59 ,$1.56 ,FORD
5/2/22,$1.60 ,40867,$1.52 ,$1.64 ,$1.52 ,FORD
4/29/22,$1.63 ,13933,$1.64 ,$1.64 ,$1.58 ,FORD
4/28/22,$1.62 ,27831,$1.62 ,$1.62 ,$1.50 ,FORD
4/27/22,$1.58 ,30806,$1.62 ,$1.62 ,$1.50 ,FORD
4/26/22,$1.60 ,34055,$1.60 ,$1.63 ,$1.60 ,FORD
4/25/22,$1.58 ,53181,$1.61 ,$1.65 ,$1.50 ,FORD
4/22/22,$1.70 ,25897,$1.77 ,$1.77 ,$1.65 ,FORD
4/21/22,$1.77 ,21442,$1.70 ,$1.80 ,$1.70 ,FORD
4/20/22,$1.81 ,28445,$1.79 ,$1.87 ,$1.75 ,FORD
4/19/22,$1.78 ,23534,$1.77 ,$1.81 ,$1.75 ,FORD
4/18/22,$1.75 ,17739,$1.76 ,$1.77 ,$1.71 ,FORD
4/14/22,$1.73 ,20756,$1.76 ,$1.78 ,$1.72 ,FORD
4/13/22,$1.76 ,37347,$1.67 ,$1.76 ,$1.66 ,FORD
4/12/22,$1.68 ,67996,$1.71 ,$1.73 ,$1.65 ,FORD
4/11/22,$1.68 ,72317,$1.87 ,$1.88 ,$1.68 ,FORD
4/8/22,$1.92 ,44259,$1.92 ,$1.93 ,$1.89 ,FORD
4/7/22,$1.91 ,79736,$1.93 ,$1.94 ,$1.89 ,FORD
4/6/22,$1.87 ,65009,$1.83 ,$1.89 ,$1.82 ,FORD
4/5/22,$1.83 ,31749,$1.84 ,$1.84 ,$1.74 ,FORD
4/4/22,$1.83 ,57420,$1.77 ,$1.83 ,$1.76 ,FORD
4/1/22,$1.76 ,50967,$1.75 ,$1.80 ,$1.72 ,FORD
3/31/22,$1.72 ,30813,$1.75 ,$1.75 ,$1.66 ,FORD
3/30/22,$1.75 ,34778,$1.72 ,$1.76 ,$1.68 ,FORD
3/29/22,$1.68 ,83496,$1.69 ,$1.80 ,$1.63 ,FORD
3/28/22,$1.66 ,27352,$1.62 ,$1.68 ,$1.61 ,FORD
3/25/22,$1.66 ,32647,$1.65 ,$1.67 ,$1.58 ,FORD
3/24/22,$1.65 ,30318,$1.62 ,$1.65 ,$1.60 ,FORD
3/23/22,$1.61 ,50940,$1.58 ,$1.62 ,$1.55 ,FORD
3/22/22,$1.56 ,28555,$1.56 ,$1.57 ,$1.51 ,FORD
3/21/22,$1.53 ,38060,$1.61 ,$1.61 ,$1.52 ,FORD
3/18/22,$1.60 ,39242,$1.56 ,$1.61 ,$1.56 ,FORD
3/17/22,$1.55 ,26520,$1.52 ,$1.57 ,$1.52 ,FORD
3/16/22,$1.52 ,27265,$1.51 ,$1.55 ,$1.51 ,FORD
3/15/22,$1.52 ,24726,$1.55 ,$1.55 ,$1.46 ,FORD
3/14/22,$1.45 ,112556,$1.59 ,$1.60 ,$1.44 ,FORD
3/11/22,$1.60 ,17246,$1.65 ,$1.65 ,$1.60 ,FORD
3/10/22,$1.64 ,23455,$1.55 ,$1.64 ,$1.55 ,FORD
3/9/22,$1.55 ,64171,$1.59 ,$1.65 ,$1.55 ,FORD
3/8/22,$1.59 ,46192,$1.57 ,$1.60 ,$1.51 ,FORD
3/7/22,$1.55 ,70488,$1.65 ,$1.71 ,$1.50 ,FORD
3/4/22,$1.57 ,38956,$1.55 ,$1.62 ,$1.55 ,FORD
3/3/22,$1.60 ,57278,$1.68 ,$1.70 ,$1.59 ,FORD
3/2/22,$1.63 ,36548,$1.59 ,$1.64 ,$1.55 ,FORD
3/1/22,$1.54 ,30293,$1.59 ,$1.65 ,$1.54 ,FORD
2/28/22,$1.57 ,35697,$1.58 ,$1.63 ,$1.54 ,FORD
2/25/22,$1.58 ,30659,$1.58 ,$1.61 ,$1.57 ,FORD
2/24/22,$1.58 ,61794,$1.50 ,$1.64 ,$1.50 ,FORD
2/23/22,$1.60 ,29662,$1.67 ,$1.67 ,$1.60 ,FORD
2/22/22,$1.67 ,30846,$1.68 ,$1.74 ,$1.67 ,FORD
2/18/22,$1.71 ,28056,$1.69 ,$1.74 ,$1.65 ,FORD
2/17/22,$1.70 ,33837,$1.69 ,$1.74 ,$1.67 ,FORD
2/16/22,$1.74 ,29798,$1.69 ,$1.74 ,$1.68 ,FORD
2/15/22,$1.68 ,82992,$1.62 ,$1.70 ,$1.59 ,FORD
2/14/22,$1.63 ,53122,$1.63 ,$1.64 ,$1.57 ,FORD
2/11/22,$1.57 ,44932,$1.65 ,$1.65 ,$1.56 ,FORD
2/10/22,$1.60 ,70463,$1.58 ,$1.65 ,$1.56 ,FORD
2/9/22,$1.59 ,90491,$1.57 ,$1.66 ,$1.57 ,FORD
2/8/22,$1.58 ,39527,$1.53 ,$1.60 ,$1.53 ,FORD
2/7/22,$1.57 ,35781,$1.54 ,$1.62 ,$1.54 ,FORD
2/4/22,$1.63 ,73900,$1.54 ,$1.64 ,$1.51 ,FORD
2/3/22,$1.53 ,42277,$1.52 ,$1.59 ,$1.52 ,FORD
2/2/22,$1.60 ,73535,$1.58 ,$1.64 ,$1.55 ,FORD
2/1/22,$1.59 ,28585,$1.52 ,$1.61 ,$1.52 ,FORD
1/31/22,$1.53 ,44443,$1.47 ,$1.53 ,$1.46 ,FORD
1/28/22,$1.46 ,44905,$1.56 ,$1.56 ,$1.43 ,FORD
1/27/22,$1.57 ,55459,$1.54 ,$1.65 ,$1.54 ,FORD
1/26/22,$1.56 ,58502,$1.49 ,$1.58 ,$1.49 ,FORD
1/25/22,$1.49 ,41159,$1.51 ,$1.51 ,$1.45 ,FORD
1/24/22,$1.51 ,91134,$1.45 ,$1.51 ,$1.40 ,FORD
1/21/22,$1.45 ,80689,$1.51 ,$1.55 ,$1.45 ,FORD
1/20/22,$1.53 ,45488,$1.56 ,$1.61 ,$1.53 ,FORD
1/19/22,$1.55 ,47926,$1.53 ,$1.58 ,$1.53 ,FORD
1/18/22,$1.53 ,64751,$1.60 ,$1.63 ,$1.53 ,FORD
1/14/22,$1.60 ,38583,$1.63 ,$1.63 ,$1.58 ,FORD
1/13/22,$1.64 ,68803,$1.69 ,$1.69 ,$1.62 ,FORD
1/12/22,$1.67 ,143270,$1.61 ,$1.70 ,$1.60 ,FORD
1/11/22,$1.57 ,48932,$1.57 ,$1.61 ,$1.55 ,FORD
1/10/22,$1.58 ,80060,$1.65 ,$1.69 ,$1.55 ,FORD
1/7/22,$1.63 ,118693,$1.75 ,$1.78 ,$1.61 ,FORD
1/6/22,$1.61 ,87512,$1.61 ,$1.65 ,$1.53 ,FORD
1/5/22,$1.58 ,187511,$1.75 ,$1.75 ,$1.56 ,FORD
1/4/22,$1.75 ,443673,$1.70 ,$1.87 ,$1.69 ,FORD
1/3/22,$1.64 ,84218,$1.63 ,$1.65 ,$1.58 ,FORD
12/31/21,$1.56 ,103478,$1.54 ,$1.58 ,$1.54 ,FORD
12/30/21,$1.55 ,93274,$1.52 ,$1.60 ,$1.52 ,FORD
12/29/21,$1.51 ,51363,$1.57 ,$1.57 ,$1.50 ,FORD
12/28/21,$1.56 ,63688,$1.63 ,$1.65 ,$1.55 ,FORD
12/27/21,$1.63 ,43720,$1.64 ,$1.65 ,$1.60 ,FORD
12/23/21,$1.60 ,84257,$1.56 ,$1.64 ,$1.56 ,FORD
12/22/21,$1.64 ,97722,$1.71 ,$1.71 ,$1.60 ,FORD
12/21/21,$1.64 ,68774,$1.56 ,$1.64 ,$1.52 ,FORD
12/20/21,$1.56 ,115172,$1.55 ,$1.61 ,$1.50 ,FORD
12/17/21,$1.60 ,237485,$1.60 ,$1.64 ,$1.52 ,FORD
12/16/21,$1.74 ,301572,$1.72 ,$1.79 ,$1.69 ,FORD
12/15/21,$1.72 ,74188,$1.62 ,$1.77 ,$1.60 ,FORD
12/14/21,$1.66 ,142965,$1.88 ,$1.88 ,$1.59 ,FORD
12/13/21,$1.92 ,214981,$1.83 ,$2.02 ,$1.71 ,FORD
12/10/21,$1.81 ,29101,$1.90 ,$1.90 ,$1.76 ,FORD
12/9/21,$1.87 ,22213,$1.88 ,$1.90 ,$1.86 ,FORD
12/8/21,$1.87 ,31100,$1.83 ,$1.87 ,$1.78 ,FORD
12/7/21,$1.78 ,82188,$1.75 ,$1.80 ,$1.69 ,FORD
12/6/21,$1.69 ,50583,$1.70 ,$1.70 ,$1.63 ,FORD
12/3/21,$1.64 ,71103,$1.73 ,$1.78 ,$1.60 ,FORD
12/2/21,$1.71 ,120201,$1.77 ,$1.80 ,$1.68 ,FORD
12/1/21,$1.81 ,61119,$1.81 ,$1.90 ,$1.80 ,FORD
11/30/21,$1.84 ,48076,$1.80 ,$1.85 ,$1.79 ,FORD
11/29/21,$1.85 ,63504,$1.87 ,$1.89 ,$1.85 ,FORD
11/26/21,$1.87 ,94207,$1.86 ,$1.92 ,$1.80 ,FORD
11/24/21,$1.86 ,82436,$1.87 ,$1.90 ,$1.81 ,FORD
11/23/21,$1.88 ,57296,$1.92 ,$1.95 ,$1.87 ,FORD
11/22/21,$1.96 ,92637,$2.05 ,$2.05 ,$1.91 ,FORD
11/19/21,$1.99 ,102039,$2.09 ,$2.11 ,$1.91 ,FORD
11/18/21,$2.06 ,132399,$1.87 ,$2.09 ,$1.86 ,FORD
11/17/21,$1.85 ,193133,$2.01 ,$2.05 ,$1.85 ,FORD
11/16/21,$2.10 ,124811,$2.18 ,$2.18 ,$2.03 ,FORD
11/15/21,$2.13 ,150068,$2.21 ,$2.24 ,$2.10 ,FORD
11/12/21,$2.23 ,63218,$2.21 ,$2.25 ,$2.19 ,FORD
11/11/21,$2.20 ,77142,$2.23 ,$2.24 ,$2.18 ,FORD
11/10/21,$2.25 ,98129,$2.33 ,$2.36 ,$2.23 ,FORD
11/9/21,$2.32 ,157802,$2.30 ,$2.39 ,$2.24 ,FORD
11/8/21,$2.27 ,111571,$2.29 ,$2.30 ,$2.20 ,FORD
11/5/21,$2.22 ,60886,$2.24 ,$2.28 ,$2.20 ,FORD
11/4/21,$2.21 ,284470,$2.30 ,$2.44 ,$2.18 ,FORD
11/3/21,$2.29 ,75525,$2.21 ,$2.34 ,$2.20 ,FORD
11/2/21,$2.23 ,88606,$2.25 ,$2.28 ,$2.15 ,FORD
11/1/21,$2.23 ,150661,$2.25 ,$2.29 ,$2.18 ,FORD
10/29/21,$2.26 ,97013,$2.34 ,$2.36 ,$2.25 ,FORD
10/28/21,$2.31 ,209138,$2.16 ,$2.40 ,$2.16 ,FORD
10/27/21,$2.17 ,45164,$2.21 ,$2.24 ,$2.17 ,FORD
10/26/21,$2.25 ,42925,$2.30 ,$2.30 ,$2.22 ,FORD
10/25/21,$2.27 ,54299,$2.23 ,$2.30 ,$2.22 ,FORD
10/22/21,$2.29 ,55938,$2.22 ,$2.29 ,$2.17 ,FORD
10/21/21,$2.27 ,147091,$2.15 ,$2.31 ,$2.15 ,FORD
10/20/21,$2.19 ,23587,$2.20 ,$2.20 ,$2.17 ,FORD
10/19/21,$2.21 ,46140,$2.17 ,$2.23 ,$2.12 ,FORD
10/18/21,$2.14 ,47974,$2.09 ,$2.18 ,$2.09 ,FORD
10/15/21,$2.19 ,28308,$2.21 ,$2.21 ,$2.15 ,FORD
10/14/21,$2.17 ,35337,$2.16 ,$2.20 ,$2.14 ,FORD
10/13/21,$2.18 ,74528,$2.11 ,$2.19 ,$2.11 ,FORD
10/12/21,$2.14 ,39276,$2.15 ,$2.18 ,$2.10 ,FORD
10/11/21,$2.18 ,28775,$2.21 ,$2.21 ,$2.10 ,FORD
10/8/21,$2.20 ,30022,$2.22 ,$2.22 ,$2.16 ,FORD
10/7/21,$2.22 ,40889,$2.30 ,$2.30 ,$2.17 ,FORD
10/6/21,$2.17 ,64449,$2.23 ,$2.23 ,$2.12 ,FORD
10/5/21,$2.23 ,53985,$2.25 ,$2.29 ,$2.19 ,FORD
10/4/21,$2.26 ,47785,$2.36 ,$2.36 ,$2.25 ,FORD
10/1/21,$2.32 ,49424,$2.43 ,$2.46 ,$2.29 ,FORD
9/30/21,$2.39 ,52996,$2.32 ,$2.40 ,$2.29 ,FORD
9/29/21,$2.35 ,84080,$2.46 ,$2.46 ,$2.28 ,FORD
9/28/21,$2.52 ,461340,$2.35 ,$2.68 ,$2.32 ,FORD
9/27/21,$2.29 ,42832,$2.25 ,$2.33 ,$2.21 ,FORD
9/24/21,$2.26 ,36101,$2.27 ,$2.30 ,$2.24 ,FORD
9/23/21,$2.28 ,85551,$2.20 ,$2.31 ,$2.18 ,FORD
9/22/21,$2.28 ,88920,$2.18 ,$2.34 ,$2.18 ,FORD
9/21/21,$2.20 ,101611,$2.19 ,$2.23 ,$2.15 ,FORD
9/20/21,$2.18 ,99485,$2.19 ,$2.23 ,$2.08 ,FORD
9/17/21,$2.26 ,70143,$2.30 ,$2.30 ,$2.23 ,FORD
9/16/21,$2.31 ,39079,$2.34 ,$2.35 ,$2.27 ,FORD
9/15/21,$2.34 ,35255,$2.33 ,$2.35 ,$2.26 ,FORD
9/14/21,$2.31 ,44737,$2.35 ,$2.40 ,$2.28 ,FORD
9/13/21,$2.38 ,42217,$2.38 ,$2.42 ,$2.36 ,FORD
9/10/21,$2.41 ,49139,$2.49 ,$2.49 ,$2.36 ,FORD
9/9/21,$2.39 ,54230,$2.41 ,$2.46 ,$2.36 ,FORD
9/8/21,$2.44 ,48009,$2.49 ,$2.52 ,$2.37 ,FORD
9/7/21,$2.45 ,62738,$2.55 ,$2.55 ,$2.44 ,FORD
9/3/21,$2.52 ,48007,$2.50 ,$2.58 ,$2.49 ,FORD
9/2/21,$2.51 ,74725,$2.48 ,$2.56 ,$2.48 ,FORD
9/1/21,$2.50 ,137030,$2.60 ,$2.63 ,$2.48 ,FORD
8/31/21,$2.60 ,157507,$2.51 ,$2.64 ,$2.48 ,FORD
8/30/21,$2.54 ,90574,$2.62 ,$2.69 ,$2.53 ,FORD
8/27/21,$2.65 ,130644,$2.57 ,$2.70 ,$2.54 ,FORD
8/26/21,$2.54 ,41672,$2.62 ,$2.62 ,$2.51 ,FORD
8/25/21,$2.58 ,45897,$2.60 ,$2.65 ,$2.58 ,FORD
8/24/21,$2.62 ,100717,$2.46 ,$2.65 ,$2.46 ,FORD
8/23/21,$2.46 ,53083,$2.46 ,$2.49 ,$2.43 ,FORD
8/20/21,$2.42 ,44693,$2.40 ,$2.45 ,$2.35 ,FORD
8/19/21,$2.35 ,53764,$2.37 ,$2.43 ,$2.33 ,FORD
8/18/21,$2.41 ,72736,$2.39 ,$2.50 ,$2.32 ,FORD
8/17/21,$2.43 ,96422,$2.48 ,$2.49 ,$2.34 ,FORD
8/16/21,$2.52 ,46411,$2.56 ,$2.56 ,$2.48 ,FORD
8/13/21,$2.60 ,87518,$2.60 ,$2.61 ,$2.45 ,FORD
8/12/21,$2.56 ,76083,$2.66 ,$2.66 ,$2.55 ,FORD
8/11/21,$2.61 ,53784,$2.66 ,$2.66 ,$2.57 ,FORD
8/10/21,$2.68 ,42290,$2.67 ,$2.68 ,$2.61 ,FORD
8/9/21,$2.68 ,60361,$2.73 ,$2.73 ,$2.66 ,FORD
8/6/21,$2.73 ,56639,$2.67 ,$2.74 ,$2.64 ,FORD
8/5/21,$2.68 ,76760,$2.57 ,$2.71 ,$2.57 ,FORD
8/4/21,$2.57 ,51501,$2.58 ,$2.60 ,$2.54 ,FORD
8/3/21,$2.61 ,62926,$2.64 ,$2.64 ,$2.55 ,FORD
8/2/21,$2.63 ,82306,$2.63 ,$2.68 ,$2.57 ,FORD
7/30/21,$2.62 ,41045,$2.72 ,$2.72 ,$2.62 ,FORD
7/29/21,$2.78 ,149507,$2.57 ,$2.78 ,$2.57 ,FORD
7/28/21,$2.56 ,54991,$2.63 ,$2.63 ,$2.52 ,FORD
7/27/21,$2.62 ,56606,$2.59 ,$2.63 ,$2.51 ,FORD
7/26/21,$2.59 ,79334,$2.51 ,$2.64 ,$2.51 ,FORD
7/23/21,$2.58 ,96662,$2.66 ,$2.66 ,$2.54 ,FORD
7/22/21,$2.66 ,70349,$2.73 ,$2.73 ,$2.60 ,FORD
7/21/21,$2.73 ,179299,$2.66 ,$2.76 ,$2.66 ,FORD
7/20/21,$2.66 ,162249,$2.70 ,$2.71 ,$2.59 ,FORD
7/19/21,$2.74 ,143220,$2.50 ,$2.74 ,$2.46 ,FORD
7/16/21,$2.54 ,86754,$2.57 ,$2.58 ,$2.50 ,FORD
7/15/21,$2.60 ,144096,$2.64 ,$2.65 ,$2.51 ,FORD
7/14/21,$2.67 ,120104,$2.81 ,$2.81 ,$2.60 ,FORD
7/13/21,$2.74 ,119044,$2.82 ,$2.83 ,$2.70 ,FORD
7/12/21,$2.87 ,216505,$2.80 ,$2.88 ,$2.66 ,FORD
7/9/21,$2.77 ,149169,$2.80 ,$2.88 ,$2.72 ,FORD
7/8/21,$2.79 ,192520,$2.84 ,$2.84 ,$2.62 ,FORD
7/7/21,$2.88 ,306556,$3.07 ,$3.15 ,$2.82 ,FORD
7/6/21,$3.07 ,315819,$3.20 ,$3.20 ,$3.02 ,FORD
7/2/21,$3.13 ,1269208,$3.02 ,$3.34 ,$3.01 ,FORD
7/1/21,$2.98 ,77316,$2.93 ,$3.03 ,$2.93 ,FORD
6/30/21,$2.96 ,88515,$2.99 ,$3.00 ,$2.90 ,FORD
6/29/21,$2.96 ,103770,$2.98 ,$3.04 ,$2.95 ,FORD
6/28/21,$2.98 ,176585,$3.11 ,$3.15 ,$2.93 ,FORD
6/25/21,$3.07 ,143070,$3.10 ,$3.13 ,$3.01 ,FORD
6/24/21,$3.04 ,137717,$3.04 ,$3.08 ,$3.00 ,FORD
6/23/21,$3.01 ,335691,$2.92 ,$3.04 ,$2.92 ,FORD
6/22/21,$2.88 ,167543,$2.88 ,$2.91 ,$2.80 ,FORD
6/21/21,$2.87 ,406131,$2.93 ,$2.95 ,$2.79 ,FORD
6/18/21,$3.00 ,390651,$3.06 ,$3.15 ,$2.94 ,FORD
6/17/21,$3.21 ,1160601,$3.08 ,$3.22 ,$2.91 ,FORD
6/16/21,$3.16 ,15433020,$3.12 ,$3.68 ,$2.88 ,FORD
6/15/21,$2.73 ,3561946,$2.79 ,$2.84 ,$2.72 ,FORD
6/14/21,$2.82 ,200761,$2.94 ,$2.94 ,$2.71 ,FORD
6/11/21,$2.93 ,77488,$2.84 ,$2.98 ,$2.84 ,FORD
6/10/21,$2.84 ,91717,$2.87 ,$2.95 ,$2.79 ,FORD
6/9/21,$2.89 ,109459,$3.03 ,$3.07 ,$2.82 ,FORD
6/8/21,$2.99 ,187670,$2.97 ,$3.03 ,$2.91 ,FORD
6/7/21,$2.88 ,230591,$2.69 ,$2.93 ,$2.60 ,FORD
6/4/21,$2.71 ,160142,$2.72 ,$2.76 ,$2.62 ,FORD
6/3/21,$2.65 ,123928,$2.67 ,$2.68 ,$2.60 ,FORD
6/2/21,$2.69 ,123052,$2.74 ,$2.74 ,$2.63 ,FORD
6/1/21,$2.71 ,222564,$2.88 ,$2.93 ,$2.63 ,FORD
5/28/21,$2.85 ,571331,$2.97 ,$3.20 ,$2.75 ,FORD
5/27/21,$2.83 ,499167,$2.44 ,$2.84 ,$2.44 ,FORD
5/26/21,$2.44 ,181280,$2.40 ,$2.50 ,$2.36 ,FORD
5/25/21,$2.40 ,192908,$2.53 ,$2.60 ,$2.40 ,FORD
5/24/21,$2.53 ,220789,$2.64 ,$2.77 ,$2.51 ,FORD
5/21/21,$2.65 ,430453,$2.85 ,$3.09 ,$2.56 ,FORD
5/20/21,$2.83 ,304978,$2.52 ,$2.90 ,$2.47 ,FORD
5/19/21,$2.47 ,87816,$2.51 ,$2.55 ,$2.40 ,FORD
5/18/21,$2.44 ,115694,$2.30 ,$2.50 ,$2.30 ,FORD
5/17/21,$2.28 ,28143,$2.18 ,$2.30 ,$2.18 ,FORD
5/14/21,$2.21 ,66081,$2.14 ,$2.22 ,$2.08 ,FORD
5/13/21,$2.21 ,83557,$2.24 ,$2.30 ,$2.20 ,FORD
5/12/21,$2.28 ,53118,$2.31 ,$2.35 ,$2.23 ,FORD
5/11/21,$2.30 ,71771,$2.29 ,$2.39 ,$2.23 ,FORD
5/10/21,$2.36 ,70057,$2.38 ,$2.41 ,$2.31 ,FORD
5/7/21,$2.43 ,79503,$2.32 ,$2.45 ,$2.30 ,FORD
5/6/21,$2.30 ,63149,$2.47 ,$2.49 ,$2.30 ,FORD
5/5/21,$2.50 ,67760,$2.54 ,$2.59 ,$2.50 ,FORD
5/4/21,$2.54 ,89292,$2.70 ,$2.73 ,$2.53 ,FORD
5/3/21,$2.74 ,90967,$2.67 ,$2.78 ,$2.66 ,FORD
4/30/21,$2.70 ,90600,$2.73 ,$2.74 ,$2.67 ,FORD
4/29/21,$2.71 ,186215,$2.72 ,$2.80 ,$2.63 ,FORD
4/28/21,$2.71 ,91341,$2.76 ,$2.76 ,$2.66 ,FORD
4/27/21,$2.68 ,34883,$2.71 ,$2.71 ,$2.65 ,FORD
4/26/21,$2.71 ,42913,$2.75 ,$2.75 ,$2.71 ,FORD
4/23/21,$2.70 ,70828,$2.72 ,$2.75 ,$2.67 ,FORD
4/22/21,$2.71 ,35830,$2.74 ,$2.75 ,$2.69 ,FORD
4/21/21,$2.70 ,55985,$2.69 ,$2.77 ,$2.60 ,FORD
4/20/21,$2.66 ,48730,$2.78 ,$2.81 ,$2.64 ,FORD
4/19/21,$2.77 ,150330,$2.68 ,$2.85 ,$2.67 ,FORD
4/16/21,$2.75 ,49846,$2.73 ,$2.75 ,$2.64 ,FORD
4/15/21,$2.75 ,82663,$2.72 ,$2.77 ,$2.67 ,FORD
4/14/21,$2.73 ,64986,$2.75 ,$2.80 ,$2.70 ,FORD
4/13/21,$2.78 ,44648,$2.76 ,$2.88 ,$2.70 ,FORD
4/12/21,$2.76 ,115216,$2.91 ,$2.97 ,$2.74 ,FORD
4/9/21,$2.95 ,204190,$3.00 ,$3.12 ,$2.92 ,FORD
4/8/21,$3.00 ,69416,$3.12 ,$3.12 ,$2.96 ,FORD
4/7/21,$3.02 ,140264,$3.03 ,$3.10 ,$2.98 ,FORD
4/6/21,$2.93 ,251524,$2.88 ,$3.10 ,$2.88 ,FORD
4/5/21,$2.92 ,90632,$2.81 ,$2.94 ,$2.75 ,FORD
4/1/21,$2.82 ,84202,$2.77 ,$2.88 ,$2.77 ,FORD
3/31/21,$2.85 ,71149,$2.73 ,$2.86 ,$2.73 ,FORD
3/30/21,$2.78 ,53534,$2.80 ,$2.84 ,$2.64 ,FORD
3/29/21,$2.83 ,138811,$2.88 ,$2.99 ,$2.80 ,FORD
3/26/21,$2.92 ,87064,$3.01 ,$3.01 ,$2.82 ,FORD
3/25/21,$2.97 ,143961,$2.84 ,$2.98 ,$2.75 ,FORD
3/24/21,$2.96 ,241885,$2.70 ,$3.00 ,$2.70 ,FORD
3/23/21,$2.70 ,115459,$2.90 ,$2.94 ,$2.70 ,FORD
3/22/21,$2.85 ,171576,$3.01 ,$3.05 ,$2.85 ,FORD
3/19/21,$2.96 ,167981,$3.10 ,$3.14 ,$2.96 ,FORD
3/18/21,$3.05 ,255983,$3.38 ,$3.38 ,$3.05 ,FORD
3/17/21,$3.29 ,197478,$3.41 ,$3.45 ,$3.25 ,FORD
3/16/21,$3.37 ,135182,$3.46 ,$3.55 ,$3.31 ,FORD
3/15/21,$3.45 ,133634,$3.50 ,$3.63 ,$3.42 ,FORD
3/12/21,$3.42 ,96215,$3.55 ,$3.57 ,$3.34 ,FORD
3/11/21,$3.55 ,142642,$3.62 ,$3.64 ,$3.45 ,FORD
3/10/21,$3.54 ,163826,$3.55 ,$3.67 ,$3.46 ,FORD
3/9/21,$3.40 ,224950,$3.26 ,$3.43 ,$3.26 ,FORD
3/8/21,$3.24 ,124601,$3.23 ,$3.32 ,$3.18 ,FORD
3/5/21,$3.23 ,206870,$3.26 ,$3.30 ,$2.89 ,FORD
3/4/21,$3.24 ,307087,$3.70 ,$3.70 ,$3.20 ,FORD
3/3/21,$3.69 ,149921,$3.76 ,$3.92 ,$3.61 ,FORD
3/2/21,$3.78 ,164468,$3.99 ,$3.99 ,$3.73 ,FORD
3/1/21,$3.92 ,163150,$3.70 ,$3.99 ,$3.70 ,FORD
2/26/21,$3.62 ,108304,$3.66 ,$3.75 ,$3.50 ,FORD
2/25/21,$3.59 ,259618,$3.93 ,$4.09 ,$3.56 ,FORD
2/24/21,$3.92 ,184793,$3.76 ,$4.03 ,$3.76 ,FORD
2/23/21,$3.65 ,417217,$4.00 ,$4.00 ,$3.54 ,FORD
2/22/21,$4.17 ,416931,$4.60 ,$4.60 ,$4.10 ,FORD
2/19/21,$4.59 ,280035,$4.52 ,$4.80 ,$4.50 ,FORD
2/18/21,$4.46 ,327203,$4.70 ,$4.75 ,$4.30 ,FORD
2/17/21,$4.74 ,519360,$4.68 ,$4.87 ,$4.52 ,FORD
2/16/21,$4.88 ,2802341,$5.75 ,$5.75 ,$4.59 ,FORD
2/12/21,$4.20 ,3734133,$3.93 ,$4.25 ,$3.93 ,FORD
2/11/21,$3.92 ,273381,$4.20 ,$4.29 ,$3.81 ,FORD
2/10/21,$4.19 ,386498,$4.23 ,$4.30 ,$3.93 ,FORD
2/9/21,$4.25 ,455087,$4.29 ,$4.52 ,$4.20 ,FORD
2/8/21,$4.35 ,707704,$4.24 ,$4.38 ,$3.96 ,FORD
2/5/21,$4.34 ,1357244,$3.67 ,$4.49 ,$3.64 ,FORD
2/4/21,$3.62 ,370044,$3.70 ,$3.80 ,$3.58 ,FORD
2/3/21,$3.60 ,379610,$3.52 ,$3.80 ,$3.40 ,FORD
2/2/21,$3.44 ,837458,$3.89 ,$4.00 ,$3.44 ,FORD
2/1/21,$3.91 ,1647569,$3.22 ,$4.00 ,$3.10 ,FORD
1/29/21,$3.15 ,286613,$3.00 ,$3.25 ,$2.93 ,FORD
1/28/21,$3.02 ,446538,$3.10 ,$3.28 ,$2.96 ,FORD
1/27/21,$3.25 ,1167410,$3.68 ,$3.69 ,$3.02 ,FORD
1/26/21,$3.89 ,5164199,$2.75 ,$4.20 ,$2.70 ,FORD
1/25/21,$2.61 ,468533,$2.84 ,$2.85 ,$2.56 ,FORD
1/22/21,$2.80 ,719151,$2.85 ,$2.85 ,$2.62 ,FORD
1/21/21,$2.65 ,2619178,$2.50 ,$3.29 ,$2.50 ,FORD
1/20/21,$2.50 ,1238588,$2.22 ,$2.90 ,$2.22 ,FORD
1/19/21,$2.22 ,263108,$2.11 ,$2.29 ,$2.04 ,FORD
1/15/21,$2.06 ,187762,$2.11 ,$2.15 ,$2.03 ,FORD
1/14/21,$2.15 ,687093,$2.01 ,$2.33 ,$2.00 ,FORD
1/13/21,$2.00 ,98320,$2.06 ,$2.06 ,$1.96 ,FORD
1/12/21,$2.06 ,190544,$1.97 ,$2.07 ,$1.97 ,FORD
1/11/21,$1.97 ,147647,$1.95 ,$2.04 ,$1.94 ,FORD
1/8/21,$1.92 ,84198,$1.89 ,$1.95 ,$1.86 ,FORD
1/7/21,$1.91 ,95247,$1.89 ,$1.98 ,$1.88 ,FORD
1/6/21,$1.85 ,322077,$1.86 ,$2.03 ,$1.83 ,FORD
1/5/21,$1.89 ,123158,$1.89 ,$1.92 ,$1.82 ,FORD
1/4/21,$1.88 ,117930,$1.86 ,$1.92 ,$1.82 ,FORD
12/31/20,$1.82 ,86899,$1.86 ,$1.86 ,$1.80 ,FORD
12/30/20,$1.85 ,59815,$1.88 ,$1.94 ,$1.83 ,FORD
12/29/20,$1.87 ,41746,$1.90 ,$1.94 ,$1.87 ,FORD
12/28/20,$1.88 ,72837,$1.93 ,$1.95 ,$1.85 ,FORD
12/24/20,$1.88 ,36410,$1.85 ,$1.92 ,$1.85 ,FORD
12/23/20,$1.88 ,98584,$1.86 ,$1.93 ,$1.86 ,FORD
12/22/20,$1.95 ,315611,$1.88 ,$1.99 ,$1.83 ,FORD
12/21/20,$2.16 ,757320,$1.75 ,$2.20 ,$1.75 ,FORD
12/18/20,$1.75 ,34911,$1.75 ,$1.80 ,$1.75 ,FORD
12/17/20,$1.77 ,85124,$1.74 ,$1.81 ,$1.74 ,FORD
12/16/20,$1.75 ,66582,$1.74 ,$1.78 ,$1.73 ,FORD
12/15/20,$1.73 ,37981,$1.71 ,$1.73 ,$1.70 ,FORD
12/14/20,$1.70 ,62114,$1.70 ,$1.72 ,$1.65 ,FORD
12/11/20,$1.71 ,53492,$1.74 ,$1.76 ,$1.70 ,FORD
12/10/20,$1.74 ,37997,$1.73 ,$1.76 ,$1.73 ,FORD
12/9/20,$1.73 ,67270,$1.74 ,$1.77 ,$1.70 ,FORD
12/8/20,$1.74 ,140633,$1.78 ,$1.82 ,$1.72 ,FORD
12/7/20,$1.83 ,87965,$1.85 ,$1.88 ,$1.82 ,FORD
12/4/20,$1.87 ,68224,$1.85 ,$1.87 ,$1.82 ,FORD
12/3/20,$1.84 ,50064,$1.87 ,$1.89 ,$1.82 ,FORD
12/2/20,$1.87 ,49034,$1.86 ,$1.88 ,$1.80 ,FORD
12/1/20,$1.84 ,59668,$1.83 ,$1.88 ,$1.80 ,FORD
11/30/20,$1.83 ,239074,$1.99 ,$2.11 ,$1.83 ,FORD
11/27/20,$1.97 ,139775,$1.87 ,$1.97 ,$1.87 ,FORD
11/25/20,$1.91 ,169930,$1.81 ,$1.91 ,$1.77 ,FORD
11/24/20,$1.81 ,267912,$1.73 ,$1.85 ,$1.72 ,FORD
11/23/20,$1.72 ,61565,$1.72 ,$1.74 ,$1.70 ,FORD
11/20/20,$1.70 ,40752,$1.71 ,$1.71 ,$1.66 ,FORD
11/19/20,$1.70 ,46203,$1.66 ,$1.72 ,$1.65 ,FORD
11/18/20,$1.66 ,48373,$1.69 ,$1.70 ,$1.64 ,FORD
11/17/20,$1.68 ,103477,$1.69 ,$1.74 ,$1.63 ,FORD
11/16/20,$1.67 ,68408,$1.63 ,$1.70 ,$1.63 ,FORD
11/13/20,$1.63 ,117038,$1.60 ,$1.64 ,$1.56 ,FORD
11/12/20,$1.58 ,138189,$1.56 ,$1.68 ,$1.56 ,FORD
11/11/20,$1.58 ,51037,$1.57 ,$1.58 ,$1.53 ,FORD
11/10/20,$1.57 ,73504,$1.56 ,$1.58 ,$1.51 ,FORD
11/9/20,$1.56 ,62560,$1.61 ,$1.61 ,$1.54 ,FORD
11/6/20,$1.58 ,81537,$1.57 ,$1.63 ,$1.55 ,FORD
11/5/20,$1.59 ,75469,$1.54 ,$1.62 ,$1.54 ,FORD
11/4/20,$1.57 ,46486,$1.55 ,$1.61 ,$1.55 ,FORD
11/3/20,$1.57 ,109820,$1.62 ,$1.62 ,$1.54 ,FORD
11/2/20,$1.53 ,35489,$1.54 ,$1.54 ,$1.50 ,FORD
10/30/20,$1.52 ,45408,$1.52 ,$1.54 ,$1.48 ,FORD
10/29/20,$1.55 ,71845,$1.54 ,$1.55 ,$1.51 ,FORD
10/28/20,$1.50 ,62221,$1.53 ,$1.53 ,$1.46 ,FORD
10/27/20,$1.52 ,50881,$1.46 ,$1.54 ,$1.46 ,FORD
10/26/20,$1.46 ,247866,$1.51 ,$1.52 ,$1.45 ,FORD
10/23/20,$1.50 ,70742,$1.57 ,$1.59 ,$1.49 ,FORD
10/22/20,$1.55 ,93427,$1.55 ,$1.59 ,$1.49 ,FORD
10/21/20,$1.53 ,159216,$1.50 ,$1.54 ,$1.47 ,FORD
10/20/20,$1.50 ,191629,$1.52 ,$1.55 ,$1.45 ,FORD
10/19/20,$1.53 ,602368,$1.62 ,$1.65 ,$1.51 ,FORD
10/16/20,$1.70 ,5433630,$1.50 ,$1.99 ,$1.49 ,FORD
10/15/20,$1.50 ,45417,$1.49 ,$1.51 ,$1.47 ,FORD
10/14/20,$1.51 ,132436,$1.57 ,$1.57 ,$1.47 ,FORD
10/13/20,$1.57 ,140658,$1.64 ,$1.64 ,$1.51 ,FORD
10/12/20,$1.61 ,209557,$1.64 ,$1.65 ,$1.54 ,FORD
10/9/20,$1.63 ,1080796,$1.51 ,$1.73 ,$1.48 ,FORD
10/8/20,$1.50 ,32262,$1.48 ,$1.50 ,$1.45 ,FORD
10/7/20,$1.47 ,53772,$1.45 ,$1.52 ,$1.45 ,FORD
10/6/20,$1.44 ,70720,$1.47 ,$1.50 ,$1.44 ,FORD
10/5/20,$1.47 ,103636,$1.46 ,$1.51 ,$1.43 ,FORD
10/2/20,$1.44 ,66145,$1.41 ,$1.45 ,$1.38 ,FORD
10/1/20,$1.41 ,54892,$1.41 ,$1.42 ,$1.39 ,FORD
9/30/20,$1.39 ,57658,$1.40 ,$1.42 ,$1.39 ,FORD
9/29/20,$1.41 ,30365,$1.41 ,$1.42 ,$1.39 ,FORD
9/28/20,$1.42 ,59318,$1.41 ,$1.42 ,$1.38 ,FORD
9/25/20,$1.41 ,83913,$1.35 ,$1.42 ,$1.35 ,FORD
9/24/20,$1.35 ,72923,$1.38 ,$1.38 ,$1.32 ,FORD
9/23/20,$1.38 ,289587,$1.45 ,$1.49 ,$1.36 ,FORD
9/22/20,$1.49 ,3247681,$1.37 ,$1.91 ,$1.35 ,FORD
9/21/20,$1.37 ,62505,$1.45 ,$1.45 ,$1.36 ,FORD
9/18/20,$1.44 ,41635,$1.43 ,$1.45 ,$1.42 ,FORD
9/17/20,$1.45 ,103410,$1.42 ,$1.47 ,$1.40 ,FORD
9/16/20,$1.42 ,38747,$1.41 ,$1.43 ,$1.41 ,FORD
9/15/20,$1.40 ,45922,$1.40 ,$1.46 ,$1.40 ,FORD
9/14/20,$1.40 ,90177,$1.45 ,$1.45 ,$1.37 ,FORD
9/11/20,$1.45 ,57970,$1.52 ,$1.52 ,$1.45 ,FORD
9/10/20,$1.49 ,50065,$1.50 ,$1.53 ,$1.49 ,FORD
9/9/20,$1.51 ,74323,$1.50 ,$1.56 ,$1.50 ,FORD
9/8/20,$1.51 ,41446,$1.48 ,$1.54 ,$1.48 ,FORD
9/4/20,$1.52 ,88711,$1.49 ,$1.55 ,$1.48 ,FORD
9/3/20,$1.50 ,122508,$1.54 ,$1.55 ,$1.49 ,FORD
9/2/20,$1.56 ,48060,$1.60 ,$1.60 ,$1.55 ,FORD
9/1/20,$1.60 ,62192,$1.62 ,$1.63 ,$1.56 ,FORD
8/31/20,$1.62 ,93059,$1.63 ,$1.70 ,$1.58 ,FORD
8/28/20,$1.61 ,73814,$1.62 ,$1.65 ,$1.60 ,FORD
8/27/20,$1.58 ,199225,$1.52 ,$1.66 ,$1.52 ,FORD
8/26/20,$1.63 ,132668,$1.65 ,$1.66 ,$1.60 ,FORD
8/25/20,$1.65 ,137212,$1.56 ,$1.65 ,$1.55 ,FORD
8/24/20,$1.61 ,175268,$1.64 ,$1.67 ,$1.51 ,FORD
8/21/20,$1.59 ,342778,$1.65 ,$1.68 ,$1.56 ,FORD
8/20/20,$1.68 ,372370,$1.74 ,$1.76 ,$1.65 ,FORD
8/19/20,$1.85 ,1677667,$1.62 ,$1.86 ,$1.52 ,FORD
8/18/20,$1.77 ,37315540,$2.18 ,$2.57 ,$1.60 ,FORD
8/17/20,$1.37 ,4362980,$1.37 ,$1.37 ,$1.33 ,FORD
8/14/20,$1.38 ,19954,$1.36 ,$1.39 ,$1.36 ,FORD
8/13/20,$1.39 ,63149,$1.38 ,$1.42 ,$1.35 ,FORD
8/12/20,$1.42 ,52449,$1.35 ,$1.42 ,$1.35 ,FORD
8/11/20,$1.34 ,142360,$1.40 ,$1.44 ,$1.32 ,FORD
8/10/20,$1.42 ,76855,$1.44 ,$1.45 ,$1.40 ,FORD
8/7/20,$1.45 ,53409,$1.43 ,$1.45 ,$1.39 ,FORD
8/6/20,$1.43 ,68419,$1.42 ,$1.45 ,$1.39 ,FORD
8/5/20,$1.42 ,66953,$1.44 ,$1.47 ,$1.38 ,FORD
8/4/20,$1.49 ,438760,$1.45 ,$1.58 ,$1.35 ,FORD
8/3/20,$1.54 ,6046206,$1.42 ,$2.71 ,$1.38 ,FORD
7/31/20,$1.38 ,138419,$1.41 ,$1.44 ,$1.37 ,FORD
7/30/20,$1.37 ,245316,$1.29 ,$1.42 ,$1.29 ,FORD
7/29/20,$1.30 ,31024,$1.30 ,$1.32 ,$1.27 ,FORD
7/28/20,$1.29 ,20038,$1.31 ,$1.31 ,$1.26 ,FORD
7/27/20,$1.28 ,16352,$1.26 ,$1.30 ,$1.26 ,FORD
7/24/20,$1.25 ,24196,$1.27 ,$1.29 ,$1.25 ,FORD
7/23/20,$1.26 ,27764,$1.26 ,$1.29 ,$1.25 ,FORD
7/22/20,$1.25 ,40405,$1.24 ,$1.27 ,$1.22 ,FORD
7/21/20,$1.26 ,26697,$1.27 ,$1.28 ,$1.25 ,FORD
7/20/20,$1.28 ,15284,$1.28 ,$1.28 ,$1.25 ,FORD
7/17/20,$1.27 ,22991,$1.28 ,$1.29 ,$1.25 ,FORD
7/16/20,$1.26 ,47704,$1.26 ,$1.30 ,$1.23 ,FORD
7/15/20,$1.27 ,50339,$1.32 ,$1.32 ,$1.25 ,FORD
7/14/20,$1.32 ,54544,$1.28 ,$1.32 ,$1.24 ,FORD
7/13/20,$1.25 ,39893,$1.29 ,$1.33 ,$1.24 ,FORD
7/10/20,$1.31 ,23508,$1.31 ,$1.33 ,$1.31 ,FORD
7/9/20,$1.34 ,37825,$1.34 ,$1.36 ,$1.31 ,FORD
7/8/20,$1.33 ,40795,$1.33 ,$1.34 ,$1.30 ,FORD
7/7/20,$1.30 ,55910,$1.31 ,$1.36 ,$1.30 ,FORD
7/6/20,$1.34 ,55476,$1.32 ,$1.35 ,$1.32 ,FORD
7/2/20,$1.32 ,19253,$1.32 ,$1.32 ,$1.29 ,FORD
7/1/20,$1.31 ,15732,$1.30 ,$1.33 ,$1.27 ,FORD
6/30/20,$1.30 ,16142,$1.29 ,$1.33 ,$1.27 ,FORD
6/29/20,$1.28 ,96492,$1.26 ,$1.34 ,$1.26 ,FORD
6/26/20,$1.30 ,22723,$1.38 ,$1.38 ,$1.29 ,FORD
6/25/20,$1.38 ,25178,$1.39 ,$1.39 ,$1.33 ,FORD
6/24/20,$1.37 ,82731,$1.39 ,$1.39 ,$1.28 ,FORD
6/23/20,$1.35 ,33490,$1.43 ,$1.43 ,$1.34 ,FORD
6/22/20,$1.34 ,134433,$1.50 ,$1.50 ,$1.27 ,FORD
6/19/20,$1.47 ,210766,$1.42 ,$1.50 ,$1.38 ,FORD
6/18/20,$1.33 ,30955,$1.33 ,$1.38 ,$1.32 ,FORD
6/17/20,$1.33 ,66146,$1.44 ,$1.44 ,$1.28 ,FORD
6/16/20,$1.36 ,77559,$1.38 ,$1.45 ,$1.27 ,FORD
6/15/20,$1.32 ,78928,$1.27 ,$1.34 ,$1.20 ,FORD
6/12/20,$1.22 ,58216,$1.24 ,$1.28 ,$1.20 ,FORD
6/11/20,$1.24 ,38982,$1.27 ,$1.27 ,$1.22 ,FORD
6/10/20,$1.27 ,66617,$1.28 ,$1.28 ,$1.22 ,FORD
6/9/20,$1.24 ,57339,$1.31 ,$1.35 ,$1.20 ,FORD
6/8/20,$1.28 ,322579,$1.25 ,$1.48 ,$1.15 ,FORD
6/5/20,$1.22 ,152075,$1.25 ,$1.25 ,$1.20 ,FORD
6/4/20,$1.24 ,25285,$1.25 ,$1.25 ,$1.20 ,FORD
6/3/20,$1.25 ,77992,$1.25 ,$1.25 ,$1.20 ,FORD
6/2/20,$1.23 ,55639,$1.24 ,$1.25 ,$1.21 ,FORD
6/1/20,$1.23 ,16283,$1.24 ,$1.24 ,$1.20 ,FORD
5/29/20,$1.22 ,33215,$1.24 ,$1.25 ,$1.20 ,FORD
5/28/20,$1.22 ,43566,$1.21 ,$1.25 ,$1.16 ,FORD
5/27/20,$1.18 ,38467,$1.16 ,$1.22 ,$1.15 ,FORD
5/26/20,$1.17 ,97537,$1.25 ,$1.25 ,$1.15 ,FORD
5/22/20,$1.29 ,142825,$1.20 ,$1.30 ,$1.15 ,FORD
5/21/20,$1.16 ,44770,$1.14 ,$1.18 ,$1.12 ,FORD
5/20/20,$1.14 ,35744,$1.10 ,$1.14 ,$1.09 ,FORD
5/19/20,$1.09 ,16392,$1.09 ,$1.09 ,$1.07 ,FORD
5/18/20,$1.09 ,33928,$1.09 ,$1.09 ,$1.06 ,FORD
5/15/20,$1.07 ,7756,$1.08 ,$1.09 ,$1.06 ,FORD
5/14/20,$1.08 ,13029,$1.09 ,$1.10 ,$1.06 ,FORD
5/13/20,$1.09 ,33523,$1.10 ,$1.10 ,$1.03 ,FORD
5/12/20,$1.13 ,19527,$1.10 ,$1.18 ,$1.10 ,FORD
5/11/20,$1.10 ,29594,$1.15 ,$1.15 ,$1.10 ,FORD
5/8/20,$1.14 ,53191,$1.10 ,$1.15 ,$1.05 ,FORD
5/7/20,$1.09 ,24391,$1.10 ,$1.11 ,$1.09 ,FORD
5/6/20,$1.11 ,13809,$1.10 ,$1.11 ,$1.08 ,FORD
5/5/20,$1.10 ,37335,$1.11 ,$1.12 ,$1.07 ,FORD
5/4/20,$1.11 ,17147,$1.10 ,$1.12 ,$1.01 ,FORD
5/1/20,$1.08 ,29893,$1.10 ,$1.10 ,$1.05 ,FORD
4/30/20,$1.10 ,48067,$1.06 ,$1.10 ,$1.04 ,FORD
4/29/20,$1.06 ,39591,$1.03 ,$1.06 ,$1.02 ,FORD
4/28/20,$1.01 ,41923,$1.07 ,$1.07 ,$1.00 ,FORD
4/27/20,$1.05 ,22084,$1.03 ,$1.07 ,$1.03 ,FORD
4/24/20,$1.05 ,23205,$1.01 ,$1.07 ,$1.01 ,FORD
4/23/20,$1.06 ,26127,$1.05 ,$1.08 ,$1.02 ,FORD
4/22/20,$1.03 ,46754,$1.10 ,$1.10 ,$1.01 ,FORD
4/21/20,$1.05 ,22290,$1.06 ,$1.10 ,$1.05 ,FORD
4/20/20,$1.11 ,28154,$1.10 ,$1.12 ,$1.09 ,FORD
4/17/20,$1.07 ,40266,$1.05 ,$1.09 ,$1.05 ,FORD
4/16/20,$1.08 ,16636,$1.11 ,$1.11 ,$1.08 ,FORD
4/15/20,$1.08 ,44409,$1.08 ,$1.13 ,$1.06 ,FORD
4/14/20,$1.13 ,58873,$1.15 ,$1.15 ,$1.07 ,FORD
4/13/20,$1.13 ,43282,$1.12 ,$1.14 ,$1.06 ,FORD
4/9/20,$1.10 ,55839,$1.09 ,$1.12 ,$1.05 ,FORD
4/8/20,$1.09 ,31403,$1.10 ,$1.11 ,$1.06 ,FORD
4/7/20,$1.11 ,36373,$1.07 ,$1.13 ,$1.03 ,FORD
4/6/20,$1.07 ,19640,$1.10 ,$1.10 ,$1.03 ,FORD
4/3/20,$1.08 ,49633,$1.10 ,$1.11 ,$1.02 ,FORD
4/2/20,$1.11 ,45900,$1.13 ,$1.13 ,$1.07 ,FORD
4/1/20,$1.10 ,28359,$1.12 ,$1.15 ,$1.06 ,FORD
3/31/20,$1.11 ,48640,$1.07 ,$1.11 ,$1.07 ,FORD
3/30/20,$1.06 ,69642,$1.15 ,$1.16 ,$1.04 ,FORD
3/27/20,$1.10 ,151781,$1.08 ,$1.18 ,$1.02 ,FORD
3/26/20,$1.07 ,107113,$1.02 ,$1.08 ,$1.00 ,FORD
3/25/20,$1.04 ,138244,$1.10 ,$1.10 ,$0.99 ,FORD
3/24/20,$1.08 ,129626,$1.05 ,$1.13 ,$0.97 ,FORD
3/23/20,$1.01 ,67387,$0.99 ,$1.02 ,$0.95 ,FORD
3/20/20,$0.99 ,67147,$1.00 ,$1.00 ,$0.91 ,FORD
3/19/20,$0.98 ,31068,$0.96 ,$0.98 ,$0.95 ,FORD
3/18/20,$0.90 ,49681,$1.02 ,$1.03 ,$0.90 ,FORD
3/17/20,$1.03 ,61588,$1.03 ,$1.03 ,$0.97 ,FORD
3/16/20,$1.03 ,111341,$0.99 ,$1.04 ,$0.97 ,FORD
3/13/20,$0.99 ,38291,$1.00 ,$1.02 ,$0.99 ,FORD
3/12/20,$1.00 ,71372,$0.99 ,$1.01 ,$0.96 ,FORD
3/11/20,$0.99 ,49584,$1.01 ,$1.02 ,$0.99 ,FORD
3/10/20,$1.02 ,17130,$1.01 ,$1.02 ,$0.99 ,FORD
3/9/20,$0.99 ,119846,$1.01 ,$1.02 ,$0.98 ,FORD
3/6/20,$1.00 ,9103,$1.00 ,$1.02 ,$0.99 ,FORD
3/5/20,$0.99 ,23206,$0.99 ,$1.01 ,$0.99 ,FORD
3/4/20,$1.03 ,14503,$0.99 ,$1.05 ,$0.99 ,FORD
3/3/20,$1.00 ,50649,$1.01 ,$1.04 ,$1.00 ,FORD
3/2/20,$1.01 ,47054,$1.00 ,$1.02 ,$0.99 ,FORD
2/28/20,$1.00 ,22915,$0.97 ,$1.03 ,$0.97 ,FORD
2/27/20,$1.02 ,36710,$1.04 ,$1.04 ,$1.00 ,FORD
2/26/20,$1.03 ,28809,$1.05 ,$1.05 ,$1.02 ,FORD
2/25/20,$1.05 ,21823,$1.06 ,$1.06 ,$1.02 ,FORD
2/24/20,$1.04 ,29814,$1.09 ,$1.11 ,$1.03 ,FORD
2/21/20,$1.09 ,26556,$1.08 ,$1.09 ,$1.03 ,FORD
2/20/20,$1.07 ,22254,$1.09 ,$1.09 ,$1.07 ,FORD
2/19/20,$1.11 ,20201,$1.13 ,$1.14 ,$1.07 ,FORD
2/18/20,$1.13 ,88414,$1.16 ,$1.16 ,$1.10 ,FORD
2/14/20,$1.14 ,41579,$1.13 ,$1.15 ,$1.12 ,FORD
2/13/20,$1.14 ,16056,$1.12 ,$1.16 ,$1.12 ,FORD
2/12/20,$1.14 ,14131,$1.14 ,$1.16 ,$1.13 ,FORD
2/11/20,$1.17 ,15082,$1.14 ,$1.20 ,$1.12 ,FORD
2/10/20,$1.13 ,23642,$1.13 ,$1.15 ,$1.10 ,FORD
2/7/20,$1.12 ,26435,$1.14 ,$1.14 ,$1.11 ,FORD
2/6/20,$1.14 ,46607,$1.12 ,$1.20 ,$1.12 ,FORD
2/5/20,$1.14 ,36357,$1.12 ,$1.14 ,$1.10 ,FORD
2/4/20,$1.12 ,12625,$1.08 ,$1.13 ,$1.08 ,FORD
2/3/20,$1.08 ,23756,$1.10 ,$1.11 ,$1.07 ,FORD
1/31/20,$1.08 ,9293,$1.09 ,$1.11 ,$1.07 ,FORD
1/30/20,$1.11 ,16604,$1.11 ,$1.11 ,$1.08 ,FORD
1/29/20,$1.08 ,11587,$1.13 ,$1.13 ,$1.07 ,FORD
1/28/20,$1.11 ,6995,$1.08 ,$1.13 ,$1.06 ,FORD
1/27/20,$1.06 ,55939,$1.10 ,$1.11 ,$1.05 ,FORD
1/24/20,$1.11 ,19573,$1.13 ,$1.15 ,$1.10 ,FORD
1/23/20,$1.12 ,10418,$1.11 ,$1.15 ,$1.11 ,FORD
1/22/20,$1.12 ,19848,$1.11 ,$1.15 ,$1.11 ,FORD
1/21/20,$1.14 ,14759,$1.10 ,$1.14 ,$1.10 ,FORD
1/17/20,$1.11 ,67631,$1.10 ,$1.15 ,$1.10 ,FORD
1/16/20,$1.10 ,16682,$1.11 ,$1.11 ,$1.08 ,FORD
1/15/20,$1.11 ,77270,$1.10 ,$1.13 ,$1.02 ,FORD
1/14/20,$1.12 ,81005,$1.12 ,$1.18 ,$1.09 ,FORD
1/13/20,$1.09 ,119890,$1.25 ,$1.25 ,$1.08 ,FORD
1/10/20,$1.25 ,316795,$1.05 ,$1.25 ,$1.04 ,FORD
1/9/20,$1.04 ,95408,$1.04 ,$1.04 ,$1.01 ,FORD
1/8/20,$1.03 ,3668,$1.03 ,$1.03 ,$1.00 ,FORD
1/7/20,$1.02 ,38760,$1.04 ,$1.05 ,$1.00 ,FORD
1/6/20,$1.03 ,16657,$0.99 ,$1.05 ,$0.99 ,FORD
1/3/20,$1.00 ,6420,$0.99 ,$1.05 ,$0.99 ,FORD
1/2/20,$1.01 ,8661,$1.00 ,$1.03 ,$1.00 ,FORD
12/31/19,$0.99 ,28641,$0.99 ,$1.02 ,$0.99 ,FORD
12/30/19,$0.99 ,22727,$0.99 ,$1.04 ,$0.99 ,FORD
12/27/19,$0.99 ,11287,$1.00 ,$1.00 ,$0.99 ,FORD
12/26/19,$1.03 ,14198,$0.99 ,$1.05 ,$0.98 ,FORD
12/24/19,$0.99 ,12779,$0.98 ,$1.05 ,$0.98 ,FORD
12/23/19,$1.01 ,10269,$1.03 ,$1.03 ,$0.99 ,FORD
12/20/19,$1.03 ,18848,$1.02 ,$1.03 ,$0.99 ,FORD
12/19/19,$1.00 ,18826,$1.05 ,$1.05 ,$0.98 ,FORD
12/18/19,$1.02 ,25778,$0.98 ,$1.02 ,$0.98 ,FORD
12/17/19,$1.00 ,22014,$0.99 ,$1.00 ,$0.95 ,FORD
12/16/19,$1.00 ,40448,$1.01 ,$1.01 ,$0.92 ,FORD
12/13/19,$1.00 ,11144,$0.97 ,$1.00 ,$0.97 ,FORD
12/12/19,$0.99 ,8921,$1.00 ,$1.01 ,$0.98 ,FORD
12/11/19,$1.01 ,4491,$1.00 ,$1.01 ,$0.98 ,FORD
12/10/19,$1.00 ,10813,$1.01 ,$1.02 ,$0.99 ,FORD
12/9/19,$1.03 ,10120,$1.02 ,$1.04 ,$0.99 ,FORD
12/6/19,$0.99 ,6042,$1.04 ,$1.06 ,$0.99 ,FORD
12/5/19,$1.03 ,9417,$1.03 ,$1.06 ,$1.01 ,FORD
12/4/19,$1.01 ,5497,$1.01 ,$1.06 ,$1.01 ,FORD
12/3/19,$1.01 ,5103,$1.06 ,$1.06 ,$1.01 ,FORD
12/2/19,$1.04 ,22273,$1.03 ,$1.10 ,$1.03 ,FORD
11/29/19,$1.02 ,1196,$1.02 ,$1.02 ,$1.02 ,FORD
11/27/19,$1.03 ,17336,$1.03 ,$1.03 ,$0.99 ,FORD
11/26/19,$1.03 ,48086,$1.00 ,$1.03 ,$0.99 ,FORD
11/25/19,$1.01 ,17885,$1.01 ,$1.02 ,$0.97 ,FORD
11/22/19,$1.01 ,10336,$1.01 ,$1.01 ,$0.99 ,FORD
11/21/19,$0.99 ,5022,$0.99 ,$1.00 ,$0.99 ,FORD
11/20/19,$0.99 ,8881,$0.99 ,$1.03 ,$0.99 ,FORD
11/19/19,$0.99 ,7425,$1.01 ,$1.03 ,$0.99 ,FORD
11/18/19,$0.98 ,4684,$1.00 ,$1.01 ,$0.98 ,FORD
11/15/19,$1.01 ,4624,$1.01 ,$1.02 ,$0.98 ,FORD
11/14/19,$0.99 ,8921,$1.02 ,$1.02 ,$0.98 ,FORD
11/13/19,$1.02 ,4502,$0.99 ,$1.03 ,$0.99 ,FORD
11/12/19,$1.01 ,8089,$1.01 ,$1.02 ,$1.00 ,FORD
11/11/19,$1.02 ,11067,$1.02 ,$1.03 ,$1.01 ,FORD
11/8/19,$1.03 ,582,$1.04 ,$1.04 ,$1.03 ,FORD
11/7/19,$1.03 ,3411,$1.06 ,$1.06 ,$1.03 ,FORD
11/6/19,$1.05 ,5556,$1.06 ,$1.06 ,$1.03 ,FORD
11/5/19,$1.06 ,8155,$1.01 ,$1.06 ,$1.01 ,FORD
11/4/19,$1.04 ,12798,$1.03 ,$1.08 ,$1.03 ,FORD
11/1/19,$1.06 ,8044,$1.02 ,$1.08 ,$1.02 ,FORD
10/31/19,$1.04 ,4858,$1.07 ,$1.08 ,$1.02 ,FORD
10/30/19,$1.07 ,15747,$1.07 ,$1.10 ,$1.05 ,FORD
10/29/19,$1.08 ,24362,$1.04 ,$1.08 ,$1.04 ,FORD
10/28/19,$1.03 ,9089,$1.03 ,$1.05 ,$1.03 ,FORD
10/25/19,$1.02 ,14437,$1.04 ,$1.04 ,$1.02 ,FORD
10/24/19,$1.03 ,3069,$1.06 ,$1.07 ,$1.03 ,FORD
10/23/19,$1.08 ,9869,$1.08 ,$1.08 ,$1.03 ,FORD
10/22/19,$1.06 ,16634,$0.98 ,$1.06 ,$0.98 ,FORD
10/21/19,$0.99 ,65161,$1.04 ,$1.06 ,$0.98 ,FORD
10/18/19,$1.05 ,31251,$1.00 ,$1.05 ,$1.00 ,FORD
10/17/19,$1.08 ,442994,$1.06 ,$1.35 ,$0.95 ,FORD
10/16/19,$0.99 ,18467,$1.01 ,$1.02 ,$0.94 ,FORD
10/15/19,$0.99 ,9219,$1.01 ,$1.01 ,$0.99 ,FORD
10/14/19,$1.02 ,8284,$1.03 ,$1.03 ,$0.95 ,FORD
10/11/19,$1.02 ,8278,$0.99 ,$1.03 ,$0.99 ,FORD
10/10/19,$1.00 ,21758,$1.04 ,$1.05 ,$1.00 ,FORD
10/9/19,$1.04 ,2037,$1.02 ,$1.04 ,$1.02 ,FORD
10/8/19,$1.02 ,9988,$1.02 ,$1.09 ,$0.98 ,FORD
10/7/19,$1.03 ,15620,$1.01 ,$1.06 ,$0.97 ,FORD
10/4/19,$1.01 ,44592,$1.05 ,$1.06 ,$0.98 ,FORD
10/3/19,$0.97 ,55777,$0.98 ,$0.98 ,$0.97 ,FORD
10/2/19,$0.92 ,70470,$1.05 ,$1.05 ,$0.85 ,FORD
10/1/19,$0.99 ,13305,$1.02 ,$1.02 ,$0.98 ,FORD
9/30/19,$0.97 ,59787,$1.00 ,$1.00 ,$0.95 ,FORD
9/27/19,$0.85 ,257898,$1.12 ,$1.12 ,$0.78 ,FORD
9/26/19,$1.12 ,7567,$1.11 ,$1.12 ,$1.11 ,FORD
9/25/19,$1.10 ,13094,$1.13 ,$1.15 ,$1.10 ,FORD
9/24/19,$1.14 ,1717,$1.12 ,$1.14 ,$1.12 ,FORD
9/23/19,$1.12 ,2720,$1.15 ,$1.15 ,$1.12 ,FORD
9/20/19,$1.17 ,6457,$1.12 ,$1.17 ,$1.12 ,FORD
9/19/19,$1.14 ,10804,$1.17 ,$1.17 ,$1.13 ,FORD
9/18/19,$1.15 ,10881,$1.17 ,$1.18 ,$1.15 ,FORD
9/17/19,$1.16 ,7935,$1.11 ,$1.17 ,$1.11 ,FORD
9/16/19,$1.13 ,13190,$1.14 ,$1.18 ,$1.10 ,FORD
9/13/19,$1.17 ,44585,$1.15 ,$1.20 ,$1.15 ,FORD
9/12/19,$1.18 ,15959,$1.19 ,$1.19 ,$1.16 ,FORD
9/11/19,$1.17 ,20453,$1.16 ,$1.18 ,$1.16 ,FORD
9/10/19,$1.16 ,16194,$1.15 ,$1.21 ,$1.15 ,FORD
9/9/19,$1.14 ,7117,$1.11 ,$1.17 ,$1.11 ,FORD
9/6/19,$1.17 ,33407,$1.17 ,$1.18 ,$1.14 ,FORD
9/5/19,$1.14 ,35648,$1.07 ,$1.26 ,$1.07 ,FORD
9/4/19,$1.07 ,4330,$1.09 ,$1.09 ,$1.07 ,FORD
9/3/19,$1.08 ,14891,$1.06 ,$1.08 ,$1.06 ,FORD
8/30/19,$1.06 ,3990,$1.09 ,$1.09 ,$1.06 ,FORD
8/29/19,$1.10 ,5157,$1.08 ,$1.10 ,$1.08 ,FORD
8/28/19,$1.07 ,24102,$1.06 ,$1.07 ,$1.06 ,FORD
8/27/19,$1.06 ,19035,$1.07 ,$1.07 ,$1.06 ,FORD
8/26/19,$1.07 ,4083,$1.07 ,$1.08 ,$1.07 ,FORD
8/23/19,$1.09 ,12845,$1.07 ,$1.10 ,$1.07 ,FORD
8/22/19,$1.09 ,9920,$1.12 ,$1.12 ,$1.07 ,FORD
8/21/19,$1.12 ,3973,$1.10 ,$1.12 ,$1.08 ,FORD
8/20/19,$1.08 ,24872,$1.10 ,$1.12 ,$1.08 ,FORD
8/19/19,$1.11 ,19808,$1.12 ,$1.12 ,$1.10 ,FORD
8/16/19,$1.11 ,5709,$1.10 ,$1.12 ,$1.10 ,FORD
8/15/19,$1.10 ,12081,$1.10 ,$1.11 ,$1.10 ,FORD
8/14/19,$1.10 ,12130,$1.10 ,$1.11 ,$1.08 ,FORD
8/13/19,$1.09 ,12733,$1.11 ,$1.11 ,$1.08 ,FORD
8/12/19,$1.10 ,3839,$1.09 ,$1.10 ,$1.07 ,FORD
8/9/19,$1.09 ,3962,$1.06 ,$1.11 ,$1.06 ,FORD
8/8/19,$1.07 ,8858,$1.12 ,$1.12 ,$1.06 ,FORD
8/7/19,$1.09 ,3755,$1.07 ,$1.11 ,$1.07 ,FORD
8/6/19,$1.08 ,28565,$1.06 ,$1.12 ,$1.06 ,FORD
8/5/19,$1.06 ,30464,$1.08 ,$1.10 ,$1.02 ,FORD
8/2/19,$1.09 ,5475,$1.10 ,$1.10 ,$1.07 ,FORD
8/1/19,$1.11 ,7640,$1.14 ,$1.14 ,$1.08 ,FORD
7/31/19,$1.10 ,16164,$1.12 ,$1.16 ,$1.10 ,FORD
7/30/19,$1.14 ,5560,$1.14 ,$1.14 ,$1.11 ,FORD
7/29/19,$1.13 ,41301,$1.15 ,$1.16 ,$1.13 ,FORD
7/26/19,$1.08 ,23495,$1.11 ,$1.15 ,$1.08 ,FORD
7/25/19,$1.12 ,10092,$1.17 ,$1.17 ,$1.10 ,FORD
7/24/19,$1.17 ,14452,$1.15 ,$1.17 ,$1.15 ,FORD
7/23/19,$1.13 ,11165,$1.12 ,$1.14 ,$1.12 ,FORD
7/22/19,$1.09 ,10689,$1.07 ,$1.11 ,$1.07 ,FORD
7/19/19,$1.07 ,43806,$1.17 ,$1.17 ,$1.07 ,FORD
7/18/19,$1.18 ,24903,$1.11 ,$1.19 ,$1.08 ,FORD
7/17/19,$1.12 ,56396,$1.13 ,$1.14 ,$1.04 ,FORD
7/16/19,$1.15 ,1218,$1.14 ,$1.15 ,$1.13 ,FORD
7/15/19,$1.15 ,10414,$1.14 ,$1.18 ,$1.14 ,FORD
7/12/19,$1.15 ,14373,$1.20 ,$1.20 ,$1.15 ,FORD
7/11/19,$1.17 ,3763,$1.19 ,$1.19 ,$1.13 ,FORD
7/10/19,$1.20 ,16424,$1.17 ,$1.20 ,$1.13 ,FORD
7/9/19,$1.13 ,7481,$1.17 ,$1.17 ,$1.13 ,FORD
7/8/19,$1.18 ,29706,$1.15 ,$1.18 ,$1.15 ,FORD
7/5/19,$1.13 ,11953,$1.13 ,$1.16 ,$1.11 ,FORD
7/3/19,$1.12 ,7966,$1.13 ,$1.16 ,$1.10 ,FORD
7/2/19,$1.15 ,15372,$1.16 ,$1.16 ,$1.12 ,FORD
7/1/19,$1.16 ,32780,$1.14 ,$1.16 ,$1.14 ,FORD
6/28/19,$1.15 ,12901,$1.16 ,$1.16 ,$1.15 ,FORD
6/27/19,$1.16 ,27578,$1.18 ,$1.20 ,$1.15 ,FORD
6/26/19,$1.16 ,9656,$1.16 ,$1.17 ,$1.16 ,FORD
6/25/19,$1.17 ,17299,$1.19 ,$1.19 ,$1.15 ,FORD
6/24/19,$1.20 ,9983,$1.19 ,$1.20 ,$1.16 ,FORD
6/21/19,$1.18 ,8491,$1.19 ,$1.19 ,$1.15 ,FORD
6/20/19,$1.17 ,10265,$1.17 ,$1.22 ,$1.15 ,FORD
6/19/19,$1.18 ,22132,$1.24 ,$1.25 ,$1.15 ,FORD
6/18/19,$1.24 ,19228,$1.21 ,$1.25 ,$1.21 ,FORD
6/17/19,$1.21 ,16311,$1.19 ,$1.21 ,$1.17 ,FORD
6/14/19,$1.15 ,8226,$1.14 ,$1.18 ,$1.12 ,FORD
6/13/19,$1.12 ,94143,$1.17 ,$1.20 ,$1.10 ,FORD
6/12/19,$1.16 ,6431,$1.16 ,$1.18 ,$1.16 ,FORD
6/11/19,$1.16 ,35256,$1.22 ,$1.24 ,$1.16 ,FORD
6/10/19,$1.23 ,8902,$1.28 ,$1.30 ,$1.23 ,FORD
6/7/19,$1.29 ,12316,$1.23 ,$1.29 ,$1.23 ,FORD
6/6/19,$1.21 ,14777,$1.24 ,$1.27 ,$1.21 ,FORD
6/5/19,$1.26 ,24932,$1.22 ,$1.31 ,$1.22 ,FORD
6/4/19,$1.23 ,87853,$1.22 ,$1.32 ,$1.20 ,FORD
6/3/19,$1.23 ,58090,$1.27 ,$1.29 ,$1.23 ,FORD
5/31/19,$1.28 ,54247,$1.30 ,$1.31 ,$1.25 ,FORD
5/30/19,$1.30 ,12196,$1.33 ,$1.33 ,$1.30 ,FORD
5/29/19,$1.34 ,2689,$1.33 ,$1.34 ,$1.30 ,FORD
5/28/19,$1.33 ,10142,$1.32 ,$1.34 ,$1.31 ,FORD
5/24/19,$1.32 ,1243,$1.31 ,$1.33 ,$1.31 ,FORD
5/23/19,$1.31 ,6523,$1.31 ,$1.33 ,$1.31 ,FORD
5/22/19,$1.31 ,9005,$1.34 ,$1.35 ,$1.30 ,FORD
5/21/19,$1.36 ,18783,$1.37 ,$1.38 ,$1.34 ,FORD
5/20/19,$1.38 ,17075,$1.38 ,$1.39 ,$1.37 ,FORD
5/17/19,$1.38 ,5799,$1.38 ,$1.39 ,$1.38 ,FORD
5/16/19,$1.40 ,38520,$1.36 ,$1.43 ,$1.36 ,FORD
5/15/19,$1.44 ,4881,$1.45 ,$1.45 ,$1.43 ,FORD
5/14/19,$1.44 ,8079,$1.48 ,$1.48 ,$1.43 ,FORD
5/13/19,$1.45 ,8940,$1.45 ,$1.45 ,$1.42 ,FORD
5/10/19,$1.48 ,13212,$1.49 ,$1.49 ,$1.44 ,FORD
5/9/19,$1.50 ,66489,$1.50 ,$1.52 ,$1.40 ,FORD
5/8/19,$1.55 ,13881,$1.52 ,$1.55 ,$1.50 ,FORD
5/7/19,$1.51 ,18656,$1.48 ,$1.55 ,$1.48 ,FORD
5/6/19,$1.47 ,27986,$1.50 ,$1.55 ,$1.47 ,FORD
5/3/19,$1.48 ,1977,$1.47 ,$1.52 ,$1.47 ,FORD
5/2/19,$1.50 ,9597,$1.48 ,$1.50 ,$1.47 ,FORD
5/1/19,$1.49 ,9430,$1.50 ,$1.51 ,$1.48 ,FORD
4/30/19,$1.49 ,11347,$1.52 ,$1.54 ,$1.47 ,FORD
4/29/19,$1.52 ,16382,$1.48 ,$1.53 ,$1.48 ,FORD
4/26/19,$1.48 ,29599,$1.53 ,$1.55 ,$1.46 ,FORD
4/25/19,$1.51 ,27819,$1.48 ,$1.53 ,$1.48 ,FORD
4/24/19,$1.50 ,40394,$1.53 ,$1.58 ,$1.47 ,FORD
4/23/19,$1.53 ,6886,$1.58 ,$1.58 ,$1.52 ,FORD
4/22/19,$1.56 ,17541,$1.60 ,$1.60 ,$1.54 ,FORD
4/18/19,$1.59 ,4485,$1.60 ,$1.60 ,$1.57 ,FORD
4/17/19,$1.57 ,8421,$1.60 ,$1.61 ,$1.56 ,FORD
4/16/19,$1.60 ,6099,$1.54 ,$1.62 ,$1.54 ,FORD
4/15/19,$1.53 ,18579,$1.59 ,$1.63 ,$1.51 ,FORD
4/12/19,$1.58 ,3463,$1.52 ,$1.60 ,$1.52 ,FORD
4/11/19,$1.52 ,14543,$1.49 ,$1.58 ,$1.49 ,FORD
4/10/19,$1.51 ,22368,$1.53 ,$1.57 ,$1.51 ,FORD
4/9/19,$1.51 ,8994,$1.50 ,$1.55 ,$1.50 ,FORD
4/8/19,$1.51 ,9369,$1.48 ,$1.55 ,$1.48 ,FORD
4/5/19,$1.49 ,13372,$1.53 ,$1.56 ,$1.49 ,FORD
4/4/19,$1.52 ,12834,$1.56 ,$1.56 ,$1.49 ,FORD
4/3/19,$1.55 ,17506,$1.54 ,$1.57 ,$1.51 ,FORD
4/2/19,$1.52 ,4330,$1.46 ,$1.52 ,$1.46 ,FORD
4/1/19,$1.48 ,27859,$1.47 ,$1.53 ,$1.46 ,FORD
3/29/19,$1.48 ,6962,$1.48 ,$1.52 ,$1.47 ,FORD
3/28/19,$1.48 ,8091,$1.50 ,$1.51 ,$1.47 ,FORD
3/27/19,$1.51 ,14253,$1.47 ,$1.51 ,$1.46 ,FORD
3/26/19,$1.46 ,12631,$1.46 ,$1.51 ,$1.46 ,FORD
3/25/19,$1.48 ,36432,$1.52 ,$1.54 ,$1.45 ,FORD
3/22/19,$1.53 ,17723,$1.51 ,$1.53 ,$1.51 ,FORD
3/21/19,$1.51 ,13573,$1.53 ,$1.53 ,$1.51 ,FORD
3/20/19,$1.52 ,21669,$1.53 ,$1.58 ,$1.50 ,FORD
3/19/19,$1.51 ,29615,$1.53 ,$1.60 ,$1.51 ,FORD
3/18/19,$1.54 ,21243,$1.50 ,$1.57 ,$1.50 ,FORD
3/15/19,$1.50 ,11043,$1.52 ,$1.55 ,$1.50 ,FORD
3/14/19,$1.52 ,16670,$1.54 ,$1.61 ,$1.52 ,FORD
3/13/19,$1.55 ,23894,$1.55 ,$1.60 ,$1.55 ,FORD
3/12/19,$1.55 ,12500,$1.55 ,$1.59 ,$1.54 ,FORD
3/11/19,$1.57 ,25086,$1.56 ,$1.60 ,$1.55 ,FORD
3/8/19,$1.57 ,45541,$1.62 ,$1.67 ,$1.57 ,FORD
3/7/19,$1.62 ,16564,$1.64 ,$1.68 ,$1.62 ,FORD
3/6/19,$1.68 ,43683,$1.63 ,$1.69 ,$1.63 ,FORD
3/5/19,$1.65 ,31873,$1.65 ,$1.68 ,$1.62 ,FORD
3/4/19,$1.65 ,16668,$1.65 ,$1.65 ,$1.61 ,FORD
3/1/19,$1.62 ,3585,$1.63 ,$1.64 ,$1.62 ,FORD
2/28/19,$1.60 ,11269,$1.62 ,$1.68 ,$1.60 ,FORD
2/27/19,$1.64 ,10692,$1.66 ,$1.68 ,$1.62 ,FORD
2/26/19,$1.65 ,6929,$1.66 ,$1.68 ,$1.65 ,FORD
2/25/19,$1.68 ,13396,$1.67 ,$1.70 ,$1.66 ,FORD
2/22/19,$1.67 ,19841,$1.66 ,$1.68 ,$1.64 ,FORD
2/21/19,$1.62 ,25171,$1.62 ,$1.67 ,$1.57 ,FORD
2/20/19,$1.64 ,20870,$1.63 ,$1.70 ,$1.60 ,FORD
2/19/19,$1.63 ,21848,$1.64 ,$1.64 ,$1.60 ,FORD
2/15/19,$1.61 ,49770,$1.65 ,$1.67 ,$1.57 ,FORD
2/14/19,$1.67 ,39460,$1.69 ,$1.69 ,$1.62 ,FORD
2/13/19,$1.64 ,53539,$1.66 ,$1.66 ,$1.55 ,FORD
2/12/19,$1.60 ,247439,$1.56 ,$1.67 ,$1.55 ,FORD
2/11/19,$1.55 ,10728,$1.57 ,$1.59 ,$1.55 ,FORD
2/8/19,$1.55 ,29427,$1.55 ,$1.58 ,$1.55 ,FORD
2/7/19,$1.58 ,15766,$1.58 ,$1.59 ,$1.53 ,FORD
2/6/19,$1.60 ,32817,$1.57 ,$1.60 ,$1.53 ,FORD
2/5/19,$1.54 ,98876,$1.53 ,$1.61 ,$1.51 ,FORD
2/4/19,$1.52 ,66185,$1.51 ,$1.52 ,$1.45 ,FORD
2/1/19,$1.50 ,13940,$1.46 ,$1.50 ,$1.46 ,FORD
1/31/19,$1.46 ,7263,$1.44 ,$1.46 ,$1.44 ,FORD
1/30/19,$1.43 ,17436,$1.46 ,$1.47 ,$1.43 ,FORD
1/29/19,$1.44 ,12106,$1.48 ,$1.48 ,$1.43 ,FORD
1/28/19,$1.49 ,19168,$1.48 ,$1.49 ,$1.43 ,FORD
1/25/19,$1.46 ,22611,$1.47 ,$1.47 ,$1.42 ,FORD
1/24/19,$1.41 ,8723,$1.45 ,$1.45 ,$1.41 ,FORD
1/23/19,$1.46 ,15093,$1.45 ,$1.46 ,$1.41 ,FORD
1/22/19,$1.44 ,26081,$1.45 ,$1.48 ,$1.42 ,FORD
1/18/19,$1.45 ,32497,$1.46 ,$1.46 ,$1.41 ,FORD
1/17/19,$1.43 ,29994,$1.43 ,$1.47 ,$1.43 ,FORD
1/16/19,$1.47 ,53460,$1.47 ,$1.47 ,$1.44 ,FORD
1/15/19,$1.47 ,60371,$1.49 ,$1.49 ,$1.43 ,FORD
1/14/19,$1.46 ,63880,$1.47 ,$1.49 ,$1.45 ,FORD
1/11/19,$1.43 ,63073,$1.40 ,$1.44 ,$1.40 ,FORD
1/10/19,$1.42 ,17579,$1.38 ,$1.42 ,$1.34 ,FORD
1/9/19,$1.40 ,23222,$1.37 ,$1.44 ,$1.37 ,FORD
1/8/19,$1.34 ,15800,$1.37 ,$1.38 ,$1.32 ,FORD
1/7/19,$1.35 ,22194,$1.33 ,$1.40 ,$1.29 ,FORD
1/4/19,$1.34 ,9751,$1.32 ,$1.39 ,$1.30 ,FORD
1/3/19,$1.30 ,9661,$1.34 ,$1.34 ,$1.30 ,FORD
1/2/19,$1.34 ,10332,$1.27 ,$1.34 ,$1.26 ,FORD
12/31/18,$1.30 ,20816,$1.29 ,$1.33 ,$1.26 ,FORD
12/28/18,$1.29 ,22000,$1.30 ,$1.30 ,$1.25 ,FORD
12/27/18,$1.26 ,26430,$1.23 ,$1.29 ,$1.23 ,FORD
12/26/18,$1.24 ,47148,$1.29 ,$1.29 ,$1.23 ,FORD
12/24/18,$1.30 ,37071,$1.20 ,$1.30 ,$1.20 ,FORD
12/21/18,$1.20 ,73651,$1.35 ,$1.38 ,$1.20 ,FORD
12/20/18,$1.35 ,57274,$1.40 ,$1.40 ,$1.32 ,FORD
12/19/18,$1.40 ,48609,$1.40 ,$1.43 ,$1.35 ,FORD
12/18/18,$1.41 ,13994,$1.44 ,$1.44 ,$1.39 ,FORD
12/17/18,$1.41 ,49067,$1.42 ,$1.48 ,$1.39 ,FORD
12/14/18,$1.41 ,26305,$1.42 ,$1.43 ,$1.38 ,FORD
12/13/18,$1.41 ,23634,$1.42 ,$1.44 ,$1.40 ,FORD
12/12/18,$1.41 ,44997,$1.44 ,$1.44 ,$1.38 ,FORD
12/11/18,$1.43 ,22303,$1.41 ,$1.43 ,$1.38 ,FORD
12/10/18,$1.38 ,17149,$1.43 ,$1.43 ,$1.34 ,FORD
12/7/18,$1.42 ,23463,$1.42 ,$1.43 ,$1.36 ,FORD
12/6/18,$1.36 ,15556,$1.35 ,$1.43 ,$1.35 ,FORD
12/4/18,$1.38 ,136154,$1.44 ,$1.44 ,$1.38 ,FORD
12/3/18,$1.44 ,94026,$1.37 ,$1.45 ,$1.34 ,FORD
11/30/18,$1.34 ,20001,$1.36 ,$1.39 ,$1.33 ,FORD
11/29/18,$1.38 ,29747,$1.37 ,$1.40 ,$1.30 ,FORD
11/28/18,$1.39 ,19911,$1.32 ,$1.39 ,$1.32 ,FORD
11/27/18,$1.32 ,62991,$1.37 ,$1.40 ,$1.31 ,FORD
11/26/18,$1.40 ,22095,$1.39 ,$1.41 ,$1.36 ,FORD
11/23/18,$1.39 ,20290,$1.35 ,$1.39 ,$1.33 ,FORD
11/21/18,$1.35 ,7376,$1.37 ,$1.39 ,$1.35 ,FORD
11/20/18,$1.39 ,10840,$1.36 ,$1.39 ,$1.33 ,FORD
11/19/18,$1.35 ,25213,$1.34 ,$1.41 ,$1.34 ,FORD
11/16/18,$1.36 ,60255,$1.37 ,$1.39 ,$1.33 ,FORD
11/15/18,$1.38 ,19320,$1.39 ,$1.43 ,$1.38 ,FORD
11/14/18,$1.41 ,47237,$1.45 ,$1.45 ,$1.38 ,FORD
11/13/18,$1.48 ,59279,$1.46 ,$1.48 ,$1.39 ,FORD
11/12/18,$1.44 ,19948,$1.50 ,$1.50 ,$1.44 ,FORD
11/9/18,$1.53 ,40635,$1.52 ,$1.56 ,$1.46 ,FORD
11/8/18,$1.51 ,196271,$1.50 ,$1.57 ,$1.48 ,FORD
11/7/18,$1.49 ,31751,$1.50 ,$1.50 ,$1.47 ,FORD
11/6/18,$1.48 ,5840,$1.50 ,$1.50 ,$1.46 ,FORD
11/5/18,$1.48 ,9313,$1.46 ,$1.50 ,$1.45 ,FORD
11/2/18,$1.47 ,15983,$1.52 ,$1.52 ,$1.47 ,FORD
11/1/18,$1.50 ,44458,$1.51 ,$1.51 ,$1.47 ,FORD
10/31/18,$1.46 ,16198,$1.49 ,$1.50 ,$1.46 ,FORD
10/30/18,$1.47 ,36622,$1.46 ,$1.47 ,$1.43 ,FORD
10/29/18,$1.45 ,24403,$1.52 ,$1.52 ,$1.45 ,FORD
10/26/18,$1.53 ,24082,$1.49 ,$1.54 ,$1.48 ,FORD
10/25/18,$1.49 ,49232,$1.50 ,$1.51 ,$1.41 ,FORD
10/24/18,$1.48 ,31213,$1.51 ,$1.51 ,$1.47 ,FORD
10/23/18,$1.50 ,29489,$1.53 ,$1.53 ,$1.48 ,FORD
10/22/18,$1.55 ,77790,$1.54 ,$1.56 ,$1.48 ,FORD
10/19/18,$1.47 ,25484,$1.50 ,$1.50 ,$1.46 ,FORD
10/18/18,$1.50 ,26969,$1.50 ,$1.52 ,$1.46 ,FORD
10/17/18,$1.51 ,27011,$1.50 ,$1.52 ,$1.49 ,FORD
10/16/18,$1.49 ,52484,$1.49 ,$1.55 ,$1.46 ,FORD
10/15/18,$1.49 ,11858,$1.49 ,$1.50 ,$1.45 ,FORD
10/12/18,$1.45 ,21399,$1.54 ,$1.54 ,$1.45 ,FORD
10/11/18,$1.54 ,37765,$1.48 ,$1.54 ,$1.47 ,FORD
10/10/18,$1.48 ,39350,$1.49 ,$1.51 ,$1.46 ,FORD
10/9/18,$1.50 ,36015,$1.50 ,$1.54 ,$1.46 ,FORD
10/8/18,$1.51 ,10963,$1.51 ,$1.53 ,$1.50 ,FORD
10/5/18,$1.53 ,17272,$1.51 ,$1.53 ,$1.50 ,FORD
10/4/18,$1.51 ,18165,$1.54 ,$1.57 ,$1.51 ,FORD
10/3/18,$1.57 ,19496,$1.57 ,$1.57 ,$1.53 ,FORD
10/2/18,$1.56 ,54124,$1.55 ,$1.59 ,$1.52 ,FORD
10/1/18,$1.55 ,32229,$1.56 ,$1.56 ,$1.52 ,FORD
9/28/18,$1.53 ,31597,$1.51 ,$1.54 ,$1.51 ,FORD
9/27/18,$1.51 ,72918,$1.55 ,$1.55 ,$1.51 ,FORD
9/26/18,$1.56 ,44212,$1.56 ,$1.56 ,$1.53 ,FORD
9/25/18,$1.55 ,31886,$1.54 ,$1.56 ,$1.52 ,FORD
9/24/18,$1.55 ,69254,$1.61 ,$1.61 ,$1.52 ,FORD
9/21/18,$1.61 ,428350,$1.56 ,$1.66 ,$1.53 ,FORD
9/20/18,$1.55 ,67651,$1.52 ,$1.57 ,$1.52 ,FORD
9/19/18,$1.51 ,32993,$1.48 ,$1.55 ,$1.48 ,FORD
9/18/18,$1.50 ,62275,$1.50 ,$1.55 ,$1.49 ,FORD
9/17/18,$1.57 ,103560,$1.55 ,$1.65 ,$1.46 ,FORD
9/14/18,$1.52 ,174568,$1.50 ,$1.63 ,$1.50 ,FORD
9/13/18,$1.52 ,40976,$1.55 ,$1.55 ,$1.50 ,FORD
9/12/18,$1.54 ,104019,$1.50 ,$1.54 ,$1.50 ,FORD
9/11/18,$1.46 ,63090,$1.45 ,$1.51 ,$1.45 ,FORD
9/10/18,$1.45 ,37234,$1.51 ,$1.52 ,$1.45 ,FORD
9/7/18,$1.51 ,86882,$1.50 ,$1.52 ,$1.45 ,FORD
9/6/18,$1.51 ,57457,$1.50 ,$1.53 ,$1.50 ,FORD
9/5/18,$1.50 ,130097,$1.53 ,$1.57 ,$1.47 ,FORD
9/4/18,$1.55 ,591664,$1.51 ,$1.62 ,$1.44 ,FORD
8/31/18,$1.54 ,352038,$1.46 ,$1.56 ,$1.45 ,FORD
8/30/18,$1.45 ,90267,$1.47 ,$1.48 ,$1.43 ,FORD
8/29/18,$1.47 ,90819,$1.50 ,$1.51 ,$1.45 ,FORD
8/28/18,$1.49 ,70147,$1.52 ,$1.52 ,$1.48 ,FORD
8/27/18,$1.48 ,105683,$1.53 ,$1.55 ,$1.48 ,FORD
8/24/18,$1.53 ,222099,$1.56 ,$1.60 ,$1.47 ,FORD
8/23/18,$1.52 ,287119,$1.63 ,$1.73 ,$1.52 ,FORD
8/22/18,$1.61 ,572970,$1.50 ,$1.64 ,$1.50 ,FORD
8/21/18,$1.50 ,65361,$1.49 ,$1.53 ,$1.47 ,FORD
8/20/18,$1.47 ,56407,$1.42 ,$1.53 ,$1.42 ,FORD
8/17/18,$1.45 ,100613,$1.44 ,$1.46 ,$1.42 ,FORD
8/16/18,$1.48 ,93641,$1.57 ,$1.57 ,$1.44 ,FORD
8/15/18,$1.50 ,335178,$1.60 ,$1.61 ,$1.43 ,FORD
8/14/18,$1.71 ,65107,$1.70 ,$1.72 ,$1.66 ,FORD
8/13/18,$1.68 ,54253,$1.69 ,$1.74 ,$1.68 ,FORD
8/10/18,$1.68 ,38800,$1.71 ,$1.74 ,$1.68 ,FORD
8/9/18,$1.71 ,33609,$1.66 ,$1.71 ,$1.65 ,FORD
8/8/18,$1.65 ,63993,$1.68 ,$1.69 ,$1.63 ,FORD
8/7/18,$1.69 ,166448,$1.69 ,$1.72 ,$1.60 ,FORD
8/6/18,$1.70 ,119915,$1.76 ,$1.78 ,$1.69 ,FORD
8/3/18,$1.76 ,18711,$1.78 ,$1.79 ,$1.75 ,FORD
8/2/18,$1.77 ,57063,$1.76 ,$1.77 ,$1.72 ,FORD
8/1/18,$1.76 ,109810,$1.72 ,$1.84 ,$1.71 ,FORD
7/31/18,$1.72 ,197298,$1.83 ,$1.86 ,$1.71 ,FORD
7/30/18,$1.84 ,699189,$2.30 ,$2.30 ,$1.81 ,FORD
7/27/18,$2.10 ,889405,$1.95 ,$2.25 ,$1.91 ,FORD
7/26/18,$1.95 ,92190,$1.95 ,$1.96 ,$1.88 ,FORD
7/25/18,$1.94 ,83596,$1.91 ,$1.96 ,$1.90 ,FORD
7/24/18,$1.90 ,124342,$2.00 ,$2.00 ,$1.89 ,FORD
7/23/18,$1.90 ,296006,$1.90 ,$1.98 ,$1.83 ,FORD
7/20/18,$1.83 ,60980,$1.79 ,$1.84 ,$1.76 ,FORD
7/19/18,$1.76 ,181426,$1.77 ,$1.84 ,$1.72 ,FORD
7/18/18,$1.74 ,72505,$1.73 ,$1.78 ,$1.71 ,FORD
7/17/18,$1.73 ,132728,$1.76 ,$1.79 ,$1.71 ,FORD
7/16/18,$1.75 ,91762,$1.77 ,$1.81 ,$1.75 ,FORD
7/13/18,$1.77 ,23625,$1.78 ,$1.79 ,$1.77 ,FORD
7/12/18,$1.78 ,41591,$1.78 ,$1.82 ,$1.76 ,FORD
7/11/18,$1.78 ,97860,$1.81 ,$1.85 ,$1.76 ,FORD
7/10/18,$1.81 ,141464,$1.79 ,$1.87 ,$1.76 ,FORD
7/9/18,$1.77 ,274377,$1.80 ,$1.84 ,$1.74 ,FORD
7/6/18,$1.72 ,231015,$1.68 ,$1.79 ,$1.68 ,FORD
7/5/18,$1.68 ,199264,$1.67 ,$1.72 ,$1.63 ,FORD
7/3/18,$1.66 ,61884,$1.68 ,$1.69 ,$1.65 ,FORD
7/2/18,$1.66 ,155313,$1.62 ,$1.69 ,$1.60 ,FORD
6/29/18,$1.62 ,300211,$1.70 ,$1.73 ,$1.59 ,FORD
6/28/18,$1.68 ,231307,$1.60 ,$1.77 ,$1.59 ,FORD
6/27/18,$1.61 ,47646,$1.62 ,$1.66 ,$1.61 ,FORD
6/26/18,$1.63 ,109904,$1.64 ,$1.70 ,$1.56 ,FORD
6/25/18,$1.64 ,209512,$1.72 ,$1.72 ,$1.58 ,FORD
6/22/18,$1.72 ,354739,$1.73 ,$1.83 ,$1.70 ,FORD
6/21/18,$1.72 ,1518178,$2.00 ,$2.07 ,$1.71 ,FORD
6/20/18,$2.20 ,8797750,$1.44 ,$2.74 ,$1.42 ,FORD
6/19/18,$1.42 ,58951,$1.43 ,$1.46 ,$1.42 ,FORD
6/18/18,$1.46 ,70693,$1.48 ,$1.49 ,$1.41 ,FORD
6/15/18,$1.47 ,21294,$1.48 ,$1.50 ,$1.47 ,FORD
6/14/18,$1.48 ,78508,$1.50 ,$1.52 ,$1.46 ,FORD
6/13/18,$1.51 ,95614,$1.50 ,$1.52 ,$1.47 ,FORD
6/12/18,$1.51 ,81364,$1.52 ,$1.54 ,$1.48 ,FORD
6/11/18,$1.53 ,100107,$1.53 ,$1.56 ,$1.50 ,FORD
6/8/18,$1.52 ,309135,$1.54 ,$1.59 ,$1.49 ,FORD
6/7/18,$1.55 ,19542,$1.56 ,$1.56 ,$1.53 ,FORD
6/6/18,$1.53 ,54387,$1.55 ,$1.57 ,$1.50 ,FORD
6/5/18,$1.58 ,161831,$1.52 ,$1.61 ,$1.51 ,FORD
6/4/18,$1.51 ,185070,$1.55 ,$1.55 ,$1.48 ,FORD
6/1/18,$1.53 ,97828,$1.53 ,$1.57 ,$1.51 ,FORD
5/31/18,$1.53 ,80398,$1.53 ,$1.55 ,$1.50 ,FORD
5/30/18,$1.53 ,33850,$1.52 ,$1.57 ,$1.51 ,FORD
5/29/18,$1.51 ,102344,$1.56 ,$1.57 ,$1.51 ,FORD
5/25/18,$1.59 ,88698,$1.60 ,$1.60 ,$1.54 ,FORD
5/24/18,$1.56 ,77424,$1.55 ,$1.58 ,$1.53 ,FORD
5/23/18,$1.53 ,163198,$1.55 ,$1.61 ,$1.52 ,FORD
5/22/18,$1.56 ,497041,$1.68 ,$1.68 ,$1.48 ,FORD
5/21/18,$1.66 ,1808055,$1.70 ,$1.80 ,$1.58 ,FORD
5/18/18,$1.59 ,135270,$1.61 ,$1.63 ,$1.56 ,FORD
5/17/18,$1.59 ,190956,$1.56 ,$1.64 ,$1.53 ,FORD
5/16/18,$1.58 ,1720355,$1.53 ,$1.72 ,$1.52 ,FORD
5/15/18,$1.44 ,180307,$1.43 ,$1.45 ,$1.41 ,FORD
5/14/18,$1.43 ,53174,$1.45 ,$1.45 ,$1.43 ,FORD
5/11/18,$1.44 ,57086,$1.44 ,$1.48 ,$1.43 ,FORD
5/10/18,$1.44 ,118743,$1.47 ,$1.47 ,$1.44 ,FORD