Date,Close/Last,Volume,Open,High,Low
05/09/2023,$40.19,78975,$40.00,$40.30,$39.45
05/08/2023,$39.95,41442,$40.28,$40.379,$39.95
05/05/2023,$39.64,82429,$38.80,$39.75,$38.80
05/04/2023,$38.15,32718,$37.95,$38.25,$37.70
05/03/2023,$37.12,33314,$37.16,$37.75,$37.12
05/02/2023,$36.95,28333,$37.14,$37.16,$36.75
05/01/2023,$37.15,72625,$37.53,$37.53,$37.02
04/28/2023,$37.32,35135,$36.98,$37.45,$36.917
04/27/2023,$37.20,51855,$37.46,$37.47,$36.96
04/26/2023,$37.15,47756,$37.23,$37.39,$37.00
04/25/2023,$36.94,44388,$37.38,$37.38,$36.86
04/24/2023,$37.45,68333,$37.225,$37.505,$37.19
04/21/2023,$36.85,27880,$36.75,$36.98,$36.39
04/20/2023,$36.80,158150,$36.43,$37.12,$36.20
04/19/2023,$37.94,61122,$37.88,$38.1371,$37.75
04/18/2023,$38.08,113324,$37.89,$38.11,$37.88
04/17/2023,$37.67,75867,$37.30,$37.67,$37.2175
04/14/2023,$37.93,39005,$38.04,$38.22,$37.78
04/13/2023,$37.85,83573,$37.75,$38.02,$37.53
04/12/2023,$37.61,59812,$37.606,$37.79,$37.52
04/11/2023,$36.71,40533,$36.52,$36.77,$36.52
04/10/2023,$35.99,31244,$36.6014,$36.6014,$35.71
04/06/2023,$35.90,175338,$35.49,$36.01,$35.49
04/05/2023,$35.97,42437,$36.25,$36.25,$35.88
04/04/2023,$37.00,42777,$37.25,$37.36,$36.885
04/03/2023,$36.66,19657,$36.68,$36.79,$36.50
03/31/2023,$36.485,17292,$36.63,$36.633,$36.41
03/30/2023,$36.58,42082,$36.41,$36.605,$36.35
03/29/2023,$35.77,29263,$35.60,$35.81,$35.59
03/28/2023,$35.67,40260,$35.645,$35.86,$35.56
03/27/2023,$35.50,36767,$35.74,$35.74,$35.4185
03/24/2023,$35.13,32741,$34.88,$35.17,$34.70
03/23/2023,$35.38,33295,$35.59,$35.90,$35.255
03/22/2023,$35.20,46347,$35.36,$35.77,$35.20
03/21/2023,$35.11,52172,$34.95,$35.18,$34.85
03/20/2023,$34.29,61607,$33.90,$34.29,$33.90
03/17/2023,$33.64,65615,$33.50,$33.755,$33.237
03/16/2023,$34.02,50997,$33.30,$34.02,$33.2895
03/15/2023,$33.70,72830,$32.97,$33.75,$32.96
03/14/2023,$34.12,27865,$33.89,$34.177,$33.78
03/13/2023,$33.86,42359,$33.73,$33.965,$33.62
03/10/2023,$34.511,35506,$34.59,$34.94,$34.44
03/09/2023,$34.76,44988,$34.95,$35.178,$34.70
03/08/2023,$35.37,208377,$35.51,$35.73,$35.34
03/07/2023,$35.36,16107,$36.00,$36.00,$35.332
03/06/2023,$35.99,39635,$36.02,$36.125,$35.9501
03/03/2023,$36.02,38227,$35.91,$36.07,$35.64
03/02/2023,$35.14,37025,$34.76,$35.21,$34.75
03/01/2023,$35.26,28710,$35.48,$35.57,$35.188
02/28/2023,$34.41,23733,$34.87,$34.87,$34.39
02/27/2023,$34.72,52360,$34.69,$34.88,$34.60
02/24/2023,$34.20,24656,$34.50,$34.60,$34.125
02/23/2023,$35.32,19230,$35.20,$35.37,$35.03
02/22/2023,$34.745,43617,$34.84,$34.97,$34.66
02/21/2023,$35.01,43991,$35.05,$35.20,$34.89
02/17/2023,$35.605,29910,$35.339,$35.67,$35.23
02/16/2023,$35.18,32475,$35.00,$35.50,$34.92
02/15/2023,$35.43,18695,$35.13,$35.43,$35.07
02/14/2023,$35.15,30320,$34.85,$35.29,$34.77
02/13/2023,$34.91,60081,$34.90,$35.00,$34.795
02/10/2023,$34.855,25361,$34.89,$34.89,$34.6811
02/09/2023,$35.36,51773,$35.54,$35.66,$35.29
02/08/2023,$34.80,38749,$35.03,$35.09,$34.75
02/07/2023,$34.84,91500,$34.64,$35.01,$34.42
02/06/2023,$34.59,1088758,$34.74,$34.865,$34.52
02/03/2023,$34.97,178604,$35.22,$35.42,$34.92
02/02/2023,$35.51,149176,$35.49,$35.90,$35.2597
02/01/2023,$35.05,71143,$34.09,$35.15,$34.09
01/31/2023,$33.85,32624,$33.44,$33.85,$33.37
01/30/2023,$32.99,34934,$33.24,$33.31,$32.99
01/27/2023,$33.63,41841,$33.51,$33.75,$33.50
01/26/2023,$33.65,36868,$33.50,$33.65,$33.36
01/25/2023,$33.46,50847,$33.16,$33.505,$33.14
01/24/2023,$33.25,44910,$32.955,$33.41,$32.81
01/23/2023,$33.22,104006,$32.83,$33.28,$32.81
01/20/2023,$32.69,97638,$32.39,$32.69,$32.25
01/19/2023,$32.65,71450,$32.46,$32.70,$32.38
01/18/2023,$32.83,71782,$33.25,$33.30,$32.73
01/17/2023,$33.09,75951,$33.09,$33.37,$33.00
01/13/2023,$33.21,60146,$32.97,$33.225,$32.90
01/12/2023,$33.76,55742,$33.53,$33.82,$33.22
01/11/2023,$32.97,352637,$32.75,$33.02,$32.67
01/10/2023,$32.48,47201,$32.42,$32.51,$32.16
01/09/2023,$31.91,145402,$32.11,$32.36,$31.91
01/06/2023,$31.84,35521,$30.929,$31.91,$30.86
01/05/2023,$31.21,45403,$31.19,$31.32,$31.14
01/04/2023,$30.95,63223,$30.942,$31.09,$30.77
01/03/2023,$30.24,47469,$30.38,$30.46,$30.075
12/30/2022,$29.66,41317,$29.77,$29.77,$29.45
12/29/2022,$29.80,39699,$29.62,$29.84,$29.62
12/28/2022,$29.29,36715,$29.56,$29.5601,$29.27
12/27/2022,$29.56,29401,$29.62,$29.68,$29.55
12/23/2022,$29.55,42654,$29.51,$29.70,$29.4255
12/22/2022,$29.42,74463,$29.51,$29.51,$29.18
12/21/2022,$29.62,56482,$29.68,$29.79,$29.58
12/20/2022,$29.48,39964,$29.43,$29.63,$29.40
12/19/2022,$29.43,39072,$29.59,$29.70,$29.38
12/16/2022,$29.12,70929,$29.30,$29.37,$28.98
12/15/2022,$29.40,27263,$29.58,$29.58,$29.20
12/14/2022,$29.66,53165,$29.62,$29.96,$29.50
12/13/2022,$29.68,51089,$30.29,$30.30,$29.54
12/12/2022,$29.67,96706,$29.86,$29.86,$29.54
12/09/2022,$29.55,104266,$29.61,$29.7825,$29.42
12/08/2022,$29.25,28971,$29.19,$29.28,$28.96
12/07/2022,$29.72,28406,$29.82,$29.90,$29.554
12/06/2022,$29.65,61835,$30.2489,$30.2489,$29.515
12/05/2022,$29.98,32094,$30.28,$30.3585,$29.93
12/02/2022,$30.05,41695,$29.83,$30.11,$29.74
12/01/2022,$29.90,74076,$30.00,$30.15,$29.69
11/30/2022,$30.30,39530,$29.75,$30.32,$29.50
11/29/2022,$29.33,34479,$29.09,$29.44,$29.09
11/28/2022,$28.75,25127,$29.00,$29.17,$28.69
11/25/2022,$29.24,14490,$29.12,$29.24,$28.9418
11/23/2022,$29.115,49032,$28.75,$29.24,$28.75
11/22/2022,$29.08,35196,$28.73,$29.08,$28.71
11/21/2022,$28.68,38547,$28.79,$28.79,$28.535
11/18/2022,$29.00,23610,$28.948,$29.105,$28.85
11/17/2022,$28.63,34676,$28.32,$28.63,$28.23
11/16/2022,$28.635,22910,$28.61,$28.75,$28.35
11/15/2022,$29.22,58047,$29.60,$29.60,$28.75
11/14/2022,$29.20,33880,$29.33,$29.577,$29.19
11/11/2022,$29.285,31815,$28.82,$29.36,$28.755
11/10/2022,$28.28,39220,$27.67,$28.28,$27.67
11/09/2022,$26.61,37805,$26.76,$26.98,$26.60
11/08/2022,$27.03,44944,$26.9801,$27.1555,$26.83
11/07/2022,$27.08,53930,$26.92,$27.211,$26.86
11/04/2022,$26.59,94368,$26.06,$26.59,$25.98
11/03/2022,$24.85,55152,$24.76,$25.1399,$24.57
11/02/2022,$26.30,46342,$26.34,$26.89,$26.19
11/01/2022,$26.55,97606,$26.79,$26.90,$26.31
10/31/2022,$26.27,52374,$26.24,$26.49,$26.17
10/28/2022,$26.64,50134,$26.45,$26.68,$26.346
10/27/2022,$26.55,29007,$26.615,$26.77,$26.42
10/26/2022,$26.56,52278,$26.32,$26.70,$26.23
10/25/2022,$26.18,94654,$25.79,$26.18,$25.79
10/24/2022,$25.78,65699,$25.728,$25.94,$25.58
10/21/2022,$25.80,43182,$25.16,$25.87,$25.04
10/20/2022,$25.18,80593,$25.539,$25.74,$25.15
10/19/2022,$25.46,138282,$25.38,$25.53,$25.25
10/18/2022,$25.69,139593,$25.87,$25.905,$25.38
10/17/2022,$25.18,105207,$25.06,$25.20,$25.01
10/14/2022,$24.33,92935,$24.6801,$24.7601,$24.23
10/13/2022,$24.582,145215,$23.41,$24.66,$23.32
10/12/2022,$23.68,105466,$23.56,$23.781,$23.48
10/11/2022,$23.35,258449,$23.25,$23.7425,$23.06
10/10/2022,$23.52,115264,$23.468,$23.71,$23.25
10/07/2022,$23.30,115579,$23.51,$23.60,$23.14
10/06/2022,$23.606,83147,$23.65,$23.79,$23.50
10/05/2022,$23.77,129053,$23.35,$23.92,$23.23
10/04/2022,$24.35,381207,$23.82,$24.35,$23.82
10/03/2022,$23.27,208256,$23.01,$23.30,$22.85
09/30/2022,$22.635,204569,$22.49,$22.95,$22.4899
09/29/2022,$22.78,451498,$22.62,$22.78,$22.265
09/28/2022,$23.56,146974,$22.84,$23.56,$22.84
09/27/2022,$22.89,373844,$23.19,$23.34,$22.71
09/26/2022,$23.10,240373,$23.22,$23.61,$23.02
09/23/2022,$23.22,195733,$23.45,$23.47,$23.03
09/22/2022,$24.61,69009,$24.43,$24.61,$24.20
09/21/2022,$24.76,167152,$24.71,$25.11,$24.43
09/20/2022,$24.89,122871,$25.25,$25.2699,$24.58
09/19/2022,$25.40,218658,$24.8199,$25.43,$24.7525
09/16/2022,$24.98,118424,$24.55,$24.98,$24.49
09/15/2022,$24.85,81726,$24.66,$25.03,$24.55
09/14/2022,$24.92,254256,$24.74,$24.94,$24.585
09/13/2022,$24.65,180456,$25.20,$25.45,$24.65
09/12/2022,$25.57,212221,$25.48,$25.65,$25.38
09/09/2022,$24.83,402374,$24.64,$24.86,$24.56
09/08/2022,$24.27,209191,$24.11,$24.29,$23.85
09/07/2022,$24.83,180858,$24.16,$24.84,$24.16
09/06/2022,$23.86,138624,$24.16,$24.16,$23.81
09/02/2022,$24.14,126716,$25.00,$25.13,$24.00
09/01/2022,$24.44,133083,$24.24,$24.44,$23.949
08/31/2022,$24.53,127137,$24.57,$24.72,$24.45
08/30/2022,$24.52,489117,$24.93,$24.93,$24.41
08/29/2022,$24.51,237532,$24.37,$24.63,$24.34
08/26/2022,$24.19,125805,$25.16,$25.16,$24.10
08/25/2022,$24.945,139178,$24.71,$24.97,$24.597
08/24/2022,$24.69,111753,$24.50,$24.88,$24.41
08/23/2022,$24.78,275150,$24.689,$24.96,$24.64
08/22/2022,$24.18,336258,$24.57,$24.60,$24.13
08/19/2022,$25.51,98515,$25.72,$25.73,$25.40
08/18/2022,$26.33,49143,$26.38,$26.40,$26.20
08/17/2022,$26.41,59200,$26.51,$26.52,$26.24
08/16/2022,$27.02,112455,$26.66,$27.09,$26.65
08/15/2022,$26.51,83877,$26.44,$26.65,$26.44
08/12/2022,$27.10,80944,$26.97,$27.10,$26.65
08/11/2022,$26.80,52567,$26.72,$26.92,$26.68
08/10/2022,$26.89,112698,$26.71,$27.05,$26.61
08/09/2022,$26.26,128411,$26.53,$26.53,$26.17
08/08/2022,$26.475,74104,$26.43,$26.66,$26.40
08/05/2022,$26.14,56309,$25.91,$26.18,$25.86
08/04/2022,$26.04,72961,$26.42,$26.42,$25.93
08/03/2022,$26.10,112079,$25.75,$26.30,$25.63
08/02/2022,$27.59,51487,$27.50,$27.78,$27.28
08/01/2022,$27.28,61555,$27.2901,$27.55,$27.1975
07/29/2022,$27.30,55895,$26.83,$27.30,$26.76
07/28/2022,$26.79,111711,$26.53,$26.809,$26.316
07/27/2022,$26.26,96859,$25.89,$26.28,$25.75
07/26/2022,$25.63,206039,$25.68,$25.87,$25.53
07/25/2022,$26.70,126802,$26.80,$26.82,$26.44
07/22/2022,$26.17,86439,$26.34,$26.46,$26.05
07/21/2022,$26.33,89186,$26.00,$26.33,$25.8614
07/20/2022,$26.33,183818,$26.81,$26.81,$26.1544
07/19/2022,$26.82,199651,$26.29,$27.07,$26.29
07/18/2022,$25.63,277947,$25.69,$25.83,$25.50
07/15/2022,$25.22,82423,$24.87,$25.35,$24.71
07/14/2022,$24.34,110876,$24.08,$24.41,$23.78
07/13/2022,$24.58,87121,$24.44,$24.64,$24.16
07/12/2022,$24.84,117967,$24.5201,$25.06,$24.5201
07/11/2022,$24.80,126061,$25.23,$25.23,$24.74
07/08/2022,$25.8292,92733,$25.57,$25.8292,$25.38
07/07/2022,$25.40,134310,$25.41,$25.6145,$25.31
07/06/2022,$24.43,292705,$24.445,$24.53,$24.25
07/05/2022,$24.89,138791,$24.65,$24.90,$24.43
07/01/2022,$25.88,68118,$25.41,$25.90,$25.2714
06/30/2022,$25.79,90802,$25.14,$25.865,$24.945
06/29/2022,$25.99,153241,$26.24,$26.24,$25.93
06/28/2022,$26.59,141953,$27.09,$27.285,$26.59
06/27/2022,$26.701,143756,$26.76,$26.97,$26.59
06/24/2022,$26.70,127075,$25.94,$26.70,$25.90
06/23/2022,$26.54,114624,$27.18,$27.22,$26.18
06/22/2022,$27.67,78501,$27.40,$27.90,$27.395
06/21/2022,$27.89,65535,$28.15,$28.15,$27.84
06/17/2022,$27.16,75025,$27.07,$27.3492,$26.86
06/16/2022,$27.00,87997,$27.07,$27.322,$26.78
06/15/2022,$27.92,81809,$27.708,$28.01,$27.43
06/14/2022,$26.92,85105,$27.29,$27.375,$26.77
06/13/2022,$27.06,78537,$27.42,$27.52,$26.965
06/10/2022,$28.345,55653,$28.58,$28.59,$28.128
06/09/2022,$29.09,64728,$29.369,$29.5035,$29.09
06/08/2022,$29.64,31211,$29.812,$30.025,$29.62
06/07/2022,$29.62,34240,$29.32,$29.69,$29.25
06/06/2022,$29.76,39199,$30.0176,$30.0176,$29.6948
06/03/2022,$29.6201,107722,$29.88,$29.92,$29.6201
06/02/2022,$30.29,34793,$29.93,$30.34,$29.885
06/01/2022,$29.33,52344,$29.61,$29.63,$29.12
05/31/2022,$29.03,58807,$28.855,$29.08,$28.68
05/27/2022,$29.00,58316,$28.8301,$29.06,$28.8301
05/26/2022,$28.852,47055,$28.42,$28.852,$28.42
05/25/2022,$28.33,86328,$27.78,$28.34,$27.78
05/24/2022,$28.23,93075,$28.22,$28.23,$27.65
05/23/2022,$27.92,126241,$27.74,$27.97,$27.70
05/20/2022,$27.43,54872,$27.7899,$27.7899,$27.03
05/19/2022,$27.589,58673,$27.14,$27.81,$27.14
05/18/2022,$26.93,41991,$27.627,$27.627,$26.93
05/17/2022,$27.86,64609,$27.76,$27.86,$27.49
05/16/2022,$27.18,81618,$26.86,$27.32,$26.68
05/13/2022,$26.92,75661,$26.83,$27.18,$26.79
05/12/2022,$26.25,96409,$26.10,$26.472,$25.95
05/11/2022,$28.90,130141,$28.80,$29.27,$28.515
05/10/2022,$27.981,119455,$27.97,$28.28,$27.63
05/09/2022,$27.50,76353,$27.58,$27.94,$27.48
05/06/2022,$27.895,142489,$27.95,$28.05,$27.72
05/05/2022,$27.49,136151,$28.1378,$28.1378,$27.15
05/04/2022,$28.78,78282,$28.24,$28.82,$27.95
05/03/2022,$28.04,87018,$27.99,$28.16,$27.57
05/02/2022,$27.25,125690,$27.1701,$27.6452,$27.00
04/29/2022,$27.17,66994,$27.46,$27.66,$27.17
04/28/2022,$27.66,87673,$27.47,$27.67,$26.87
04/27/2022,$26.88,62475,$26.93,$27.15,$26.62
04/26/2022,$26.86,106720,$27.92,$27.92,$26.86
04/25/2022,$28.10,97609,$28.27,$28.27,$27.58
04/22/2022,$28.36,69066,$28.62,$28.64,$28.19
04/21/2022,$28.55,44364,$29.25,$29.29,$28.55
04/20/2022,$28.60,51777,$28.905,$28.935,$28.60
04/19/2022,$28.30,167583,$27.81,$28.30,$27.81
04/18/2022,$27.20,68544,$27.34,$27.60,$27.18
04/14/2022,$27.36,64167,$27.59,$27.59,$27.33
04/13/2022,$27.69,115644,$27.08,$27.71,$27.06
04/12/2022,$27.23,132802,$27.74,$27.88,$27.16
04/11/2022,$27.27,74719,$27.69,$27.762,$27.27
04/08/2022,$27.76,62100,$27.67,$27.98,$27.5596
04/07/2022,$27.81,62893,$27.9503,$28.03,$27.50
04/06/2022,$27.7399,103453,$27.5399,$27.86,$27.223
04/05/2022,$28.31,86108,$28.72,$28.77,$28.15
04/04/2022,$29.29,86359,$29.15,$29.385,$29.125
04/01/2022,$29.22,83491,$29.31,$29.31,$28.95
03/31/2022,$28.80,85170,$29.23,$29.31,$28.80
03/30/2022,$29.87,100953,$30.04,$30.1299,$29.72
03/29/2022,$30.57,121964,$30.88,$30.95,$30.24
03/28/2022,$29.00,77588,$28.92,$29.00,$28.61
03/25/2022,$28.75,80523,$28.601,$28.75,$28.44
03/24/2022,$28.885,70326,$28.46,$28.9196,$28.395
03/23/2022,$28.53,68102,$28.69,$28.94,$28.51
03/22/2022,$29.18,125685,$29.09,$29.295,$28.90
03/21/2022,$28.44,80143,$28.60,$28.67,$28.25
03/18/2022,$28.13,90562,$27.65,$28.22,$27.605
03/17/2022,$28.42,161190,$28.02,$28.57,$27.9045
03/16/2022,$28.965,132818,$28.21,$29.13,$28.19
03/15/2022,$27.545,315644,$27.20,$27.78,$26.97
03/14/2022,$27.13,227662,$27.14,$27.51,$27.01
03/11/2022,$26.24,238944,$27.50,$27.50,$26.21
03/10/2022,$26.61,218229,$26.49,$26.75,$26.175
03/09/2022,$28.05,193528,$27.86,$28.6005,$27.63
03/08/2022,$26.51,378752,$26.21,$27.20,$25.51
03/07/2022,$25.17,281686,$26.42,$26.43,$24.97
03/04/2022,$26.61,195505,$26.98,$26.98,$26.355
03/03/2022,$28.45,197551,$29.99,$29.99,$28.25
03/02/2022,$29.85,115833,$30.00,$30.23,$29.71
03/01/2022,$30.4276,141801,$31.65,$31.65,$30.21
02/28/2022,$31.88,100030,$31.57,$32.47,$31.57
02/25/2022,$33.27,81813,$32.94,$33.27,$32.68
02/24/2022,$32.55,109965,$31.93,$32.618,$31.34
02/23/2022,$34.26,40875,$35.21,$35.25,$34.23
02/22/2022,$34.31,45740,$34.82,$34.825,$33.955
02/18/2022,$36.08,32448,$36.29,$36.43,$35.93
02/17/2022,$36.12,30271,$36.396,$36.46,$36.0825
02/16/2022,$35.92,20749,$35.53,$35.97,$35.53
02/15/2022,$35.90,46942,$35.87,$36.03,$35.75
02/14/2022,$34.84,56827,$34.89,$35.04,$34.52
02/11/2022,$35.45,30674,$36.11,$36.3405,$35.26
02/10/2022,$35.22,33144,$35.29,$35.81,$35.09
02/09/2022,$35.70,36479,$35.6101,$35.8045,$35.566
02/08/2022,$34.39,48893,$34.17,$34.42,$34.08
02/07/2022,$34.31,25357,$34.465,$34.53,$34.20
02/04/2022,$34.48,35591,$34.34,$34.67,$34.005
02/03/2022,$35.59,39148,$35.65,$35.88,$35.52
02/02/2022,$35.45,34775,$35.59,$35.61,$35.26
02/01/2022,$35.53,26778,$35.44,$35.53,$35.30
01/31/2022,$35.045,34151,$34.54,$35.06,$34.50
01/28/2022,$34.58,53257,$34.02,$34.58,$33.92
01/27/2022,$34.82,37681,$35.30,$35.38,$34.55
01/26/2022,$35.14,113060,$35.49,$35.637,$34.96
01/25/2022,$34.806,44164,$34.54,$35.07,$34.325
01/24/2022,$35.23,88478,$34.69,$35.23,$34.12
01/21/2022,$35.7319,39441,$35.80,$36.20,$35.70
01/20/2022,$36.22,58862,$36.49,$36.838,$36.19
01/19/2022,$37.00,58200,$37.5599,$37.5599,$36.86
01/18/2022,$37.45,88434,$37.76,$37.76,$37.35
01/14/2022,$37.99,41529,$37.77,$38.09,$37.68
01/13/2022,$37.432,40669,$37.712,$37.904,$37.432
01/12/2022,$37.39,124282,$37.36,$37.50,$37.00
01/11/2022,$37.315,45708,$36.96,$37.35,$36.87
01/10/2022,$36.885,51254,$36.9801,$37.0699,$36.435
01/07/2022,$36.26,35404,$36.21,$36.32,$36.05
01/06/2022,$36.32,109347,$36.52,$36.52,$36.09
01/05/2022,$35.79,69992,$36.12,$36.46,$35.79
01/04/2022,$35.59,54365,$35.36,$35.71,$35.15
01/03/2022,$34.56,47341,$34.28,$34.61,$34.28
12/31/2021,$33.40,29472,$33.335,$33.65,$33.32
12/30/2021,$33.45,40596,$33.55,$33.634,$33.25
12/29/2021,$33.86,29609,$33.685,$33.86,$33.685
12/28/2021,$33.92,31827,$34.03,$34.03,$33.85
12/27/2021,$34.09,45775,$33.95,$34.11,$33.8901
12/23/2021,$33.79,38426,$33.54,$33.85,$33.44
12/22/2021,$33.17,46030,$32.685,$33.17,$32.685
12/21/2021,$33.05,63496,$32.63,$33.10,$32.61
12/20/2021,$32.27,71587,$32.365,$32.45,$32.095
12/17/2021,$32.52,44730,$32.92,$32.92,$32.485
12/16/2021,$33.64,64813,$33.95,$33.96,$33.63
12/15/2021,$33.65,89530,$33.4501,$33.6999,$33.09
12/14/2021,$33.32,39351,$33.395,$33.586,$33.185
12/13/2021,$33.82,38555,$34.03,$34.2082,$33.82
12/10/2021,$33.91,28840,$33.76,$33.9625,$33.6455
12/09/2021,$33.97,24748,$34.26,$34.26,$33.8901
12/08/2021,$34.61,149339,$34.21,$34.62,$34.105
12/07/2021,$34.12,147998,$33.6901,$34.155,$33.6901
12/06/2021,$33.3285,50676,$33.23,$33.45,$33.1004
12/03/2021,$33.06,57686,$33.28,$33.641,$32.7655
12/02/2021,$33.55,65215,$33.41,$33.69,$33.33
12/01/2021,$32.63,109335,$33.36,$33.66,$32.63
11/30/2021,$32.14,93986,$32.39,$32.40,$31.88
11/29/2021,$32.46,87032,$32.5799,$32.73,$32.0901
11/26/2021,$32.36,51950,$32.56,$32.73,$32.26
11/24/2021,$34.68,58612,$34.48,$34.68,$34.365
11/23/2021,$35.57,35530,$35.35,$35.68,$35.35
11/22/2021,$35.46,33312,$35.47,$35.69,$35.46
11/19/2021,$35.06,25407,$35.17,$35.36,$35.01
11/18/2021,$35.776,70324,$35.54,$35.80,$35.42
11/17/2021,$35.39,39402,$35.2701,$35.46,$35.2675
11/16/2021,$35.21,49631,$35.299,$35.46,$35.20
11/15/2021,$35.40,28527,$35.71,$35.71,$35.389
11/12/2021,$35.5225,31891,$35.49,$35.60,$35.39
11/11/2021,$35.315,34704,$35.40,$35.40,$35.25
11/10/2021,$35.05,51113,$35.22,$35.35,$35.01
11/09/2021,$35.03,42379,$35.18,$35.20,$35.00
11/08/2021,$35.235,92952,$35.35,$35.40,$35.13
11/05/2021,$35.48,67130,$35.42,$35.48,$35.195
11/04/2021,$34.75,38213,$35.00,$35.07,$34.445
11/03/2021,$34.88,47614,$34.34,$34.969,$34.31
11/02/2021,$34.275,35457,$34.15,$34.30,$34.00
11/01/2021,$34.30,44497,$33.87,$34.30,$33.84
10/29/2021,$33.80,32079,$33.87,$33.93,$33.65
10/28/2021,$34.12,678188,$34.01,$34.19,$33.90
10/27/2021,$34.33,28882,$34.25,$34.46,$34.25
10/26/2021,$34.25,41462,$34.49,$34.52,$34.125
10/25/2021,$34.00,54569,$34.00,$34.00,$33.8175
10/22/2021,$33.35,27863,$33.368,$33.41,$33.18
10/21/2021,$32.74,23257,$33.03,$33.15,$32.70
10/20/2021,$32.95,34515,$32.51,$33.015,$32.41
10/19/2021,$33.23,242934,$33.37,$33.51,$33.18
10/18/2021,$33.65,189881,$33.47,$33.71,$33.2905
10/15/2021,$33.94,21650,$33.87,$33.95,$33.681
10/14/2021,$33.49,25210,$33.46,$33.55,$33.396
10/13/2021,$33.27,26543,$33.4904,$33.4904,$33.0885
10/12/2021,$33.36,23824,$33.45,$33.49,$33.22
10/11/2021,$33.29,39033,$33.35,$33.50,$33.2208
10/08/2021,$32.63,30869,$32.545,$32.785,$32.52
10/07/2021,$32.235,46848,$32.20,$32.31,$32.10
10/06/2021,$31.73,64582,$31.51,$31.73,$31.34
10/05/2021,$32.412,115546,$32.41,$32.47,$32.18
10/04/2021,$32.43,46311,$32.54,$32.714,$32.345
10/01/2021,$32.74,56239,$32.564,$32.75,$32.18
09/30/2021,$32.70,75360,$32.13,$33.30,$31.85
09/29/2021,$32.62,51369,$32.82,$32.83,$32.59
09/28/2021,$32.33,40501,$32.84,$33.005,$32.155
09/27/2021,$32.30,42037,$32.26,$32.40,$32.14
09/24/2021,$31.94,35816,$31.99,$31.99,$31.77
09/23/2021,$31.95,50545,$31.85,$32.02,$31.82
09/22/2021,$31.77,37699,$31.62,$32.00,$31.62
09/21/2021,$30.96,56128,$30.95,$31.07,$30.75
09/20/2021,$30.50,57933,$30.408,$30.63,$30.17
09/17/2021,$31.48,49236,$31.98,$31.98,$31.395
09/16/2021,$32.385,35448,$32.65,$32.65,$32.245
09/15/2021,$32.935,43809,$32.65,$32.96,$32.60
09/14/2021,$32.36,64596,$32.675,$32.70,$32.29
09/13/2021,$32.20,48407,$32.05,$32.20,$31.995
09/10/2021,$31.0993,53563,$31.3048,$31.40,$31.03
09/09/2021,$30.95,34646,$31.09,$31.14,$30.91
09/08/2021,$31.07,47673,$31.14,$31.22,$30.91
09/07/2021,$31.73,32372,$31.79,$31.97,$31.70
09/03/2021,$31.48,30142,$31.59,$31.76,$31.39
09/02/2021,$31.405,28611,$31.535,$31.58,$31.35
09/01/2021,$31.44,34099,$31.495,$31.56,$31.33
08/31/2021,$31.76,36225,$31.64,$31.77,$31.51
08/30/2021,$31.15,28996,$31.26,$31.26,$31.075
08/27/2021,$30.85,23120,$30.797,$30.87,$30.50
08/26/2021,$30.47,31811,$30.598,$30.70,$30.44
08/25/2021,$30.59,37850,$30.87,$30.87,$30.59
08/24/2021,$30.795,66750,$30.662,$30.91,$30.66
08/23/2021,$30.13,46838,$30.16,$30.25,$29.99
08/20/2021,$30.08,35784,$29.78,$30.125,$29.63
08/19/2021,$30.2595,44216,$30.3182,$30.3182,$30.10
08/18/2021,$31.00,44368,$30.99,$31.32,$30.92
08/17/2021,$31.45,42494,$31.64,$31.64,$31.30
08/16/2021,$32.28,88979,$32.181,$32.31,$31.86
08/13/2021,$32.715,72885,$32.58,$32.86,$32.58
08/12/2021,$32.63,52840,$32.40,$32.72,$32.35
08/11/2021,$32.28,34255,$32.151,$32.37,$32.15
08/10/2021,$32.10,66370,$32.13,$32.15,$31.92
08/09/2021,$32.0899,64224,$32.06,$32.14,$31.83
08/06/2021,$32.21,14514,$32.37,$32.37,$32.17
08/05/2021,$32.015,16238,$31.81,$32.115,$31.81
08/04/2021,$32.13,31844,$32.305,$32.37,$32.0523
08/03/2021,$32.04,72002,$32.17,$32.17,$31.816
08/02/2021,$33.54,21090,$33.68,$33.89,$33.47
07/30/2021,$33.175,33689,$33.25,$33.445,$33.10
07/29/2021,$33.64,28809,$33.53,$33.7035,$33.47
07/28/2021,$33.02,24138,$33.03,$33.06,$32.79
07/27/2021,$33.165,38739,$33.01,$33.17,$32.81
07/26/2021,$33.69,29763,$33.48,$33.69,$33.26
07/23/2021,$33.57,40597,$33.7004,$33.7004,$33.468
07/22/2021,$32.75,112011,$33.23,$33.39,$32.74
07/21/2021,$33.24,25482,$33.1196,$33.50,$33.06
07/20/2021,$32.8099,50755,$32.324,$32.89,$32.20
07/19/2021,$32.50,50703,$32.71,$32.73,$32.30
07/16/2021,$33.55,36486,$34.23,$34.29,$33.50
07/15/2021,$34.47,32667,$34.42,$34.47,$34.2675
07/14/2021,$34.97,16615,$35.00,$35.12,$34.86
07/13/2021,$34.69,35072,$35.04,$35.07,$34.62
07/12/2021,$35.1615,41329,$34.82,$35.23,$34.69
07/09/2021,$34.70,77531,$34.44,$34.82,$34.33
07/08/2021,$33.39,33774,$33.41,$33.53,$33.06
07/07/2021,$34.06,36454,$33.919,$34.13,$33.83
07/06/2021,$34.00,59262,$34.65,$34.65,$33.91
07/02/2021,$35.68,27763,$35.79,$35.79,$35.50
07/01/2021,$35.66,22922,$35.48,$35.75,$35.41
06/30/2021,$35.495,36019,$35.58,$35.655,$35.36
06/29/2021,$36.2955,28529,$36.489,$36.489,$36.21
06/28/2021,$36.185,40598,$36.58,$36.58,$36.10
06/25/2021,$36.83,13396,$36.72,$36.95,$36.72
06/24/2021,$36.83,62250,$36.91,$37.02,$36.78
06/23/2021,$36.49,21776,$36.90,$37.01,$36.45
06/22/2021,$37.105,33147,$36.98,$37.18,$36.80
06/21/2021,$37.15,48087,$36.69,$37.18,$36.62
06/18/2021,$36.095,36200,$36.36,$36.36,$35.875
06/17/2021,$37.04,107896,$37.37,$37.46,$36.90
06/16/2021,$37.48,75985,$37.57,$37.79,$37.25
06/15/2021,$38.235,15594,$38.20,$38.29,$38.16
06/14/2021,$38.47,47829,$38.20,$38.48,$38.20
06/11/2021,$38.325,49764,$38.09,$38.36,$38.085
06/10/2021,$37.78,46832,$37.96,$38.20,$37.69
06/09/2021,$38.50,70514,$38.62,$38.63,$38.31
06/08/2021,$38.87,28691,$38.813,$38.89,$38.62
06/07/2021,$39.11,76739,$38.71,$39.63,$38.71
06/04/2021,$38.40,26998,$38.33,$38.42,$38.11
06/03/2021,$38.00,61836,$37.87,$38.10,$37.66
06/02/2021,$36.75,29416,$36.805,$36.87,$36.69
06/01/2021,$36.34,49452,$36.09,$36.407,$36.09
05/28/2021,$35.46,13536,$35.55,$35.55,$35.3855
05/27/2021,$35.72,41013,$35.42,$35.80,$35.42
05/26/2021,$35.26,23684,$34.97,$35.27,$34.91
05/25/2021,$35.18,31804,$35.31,$35.43,$35.005
05/24/2021,$35.125,35861,$34.875,$35.25,$34.70
05/21/2021,$34.76,21935,$34.85,$34.85,$34.55
05/20/2021,$34.89,23042,$34.29,$34.9881,$34.245
05/19/2021,$34.105,25400,$34.13,$34.23,$33.775
05/18/2021,$34.54,30475,$34.36,$34.6494,$34.23
05/17/2021,$34.385,25068,$34.15,$34.45,$34.10
05/14/2021,$34.06,29225,$33.839,$34.06,$33.73
05/13/2021,$33.17,40265,$33.0595,$33.20,$32.84
05/12/2021,$33.98,25215,$34.012,$34.09,$33.74
05/11/2021,$34.07,28044,$34.26,$34.44,$33.685
05/10/2021,$34.26,33031,$34.69,$34.69,$34.26
05/07/2021,$34.0665,31524,$33.84,$34.12,$33.78
05/06/2021,$33.63,38591,$33.60,$33.69,$33.37
05/05/2021,$33.225,70143,$33.14,$33.33,$33.00
05/04/2021,$32.93,60037,$33.24,$33.33,$32.7207
05/03/2021,$33.925,32234,$33.78,$33.98,$33.77
04/30/2021,$33.342,35688,$33.827,$33.86,$33.29
04/29/2021,$34.01,76585,$34.23,$34.23,$33.61
04/28/2021,$34.66,53723,$34.83,$34.83,$34.59
04/27/2021,$34.76,37772,$34.69,$34.79,$34.60
04/26/2021,$34.91,43309,$34.85,$34.95,$34.72
04/23/2021,$34.81,55976,$34.489,$34.92,$34.42
04/22/2021,$34.26,41006,$34.60,$34.65,$34.16
04/21/2021,$34.32,36905,$33.69,$34.39,$33.58
04/20/2021,$34.74,50637,$35.08,$35.08,$34.386
04/19/2021,$35.40,66250,$35.48,$36.99,$35.11
04/16/2021,$35.40,46153,$35.28,$35.48,$35.18
04/15/2021,$34.945,24062,$35.03,$35.03,$34.83
04/14/2021,$34.72,44506,$34.82,$34.9555,$34.65
04/13/2021,$35.25,51109,$35.355,$35.42,$35.07
04/12/2021,$35.33,43963,$35.34,$35.41,$35.239
04/09/2021,$35.05,68787,$34.83,$35.08,$34.77
04/08/2021,$35.06,41611,$34.87,$35.11,$34.60
04/07/2021,$35.37,46706,$35.29,$35.46,$35.19
04/06/2021,$35.442,108432,$35.54,$35.55,$35.28
04/05/2021,$35.91,115596,$35.00,$36.00,$34.84
04/01/2021,$34.99,49916,$34.78,$35.00,$34.68
03/31/2021,$34.605,38117,$34.60,$34.77,$34.34
03/30/2021,$34.64,78621,$34.20,$35.00,$34.15
03/29/2021,$33.6995,70035,$33.45,$33.8175,$33.45
03/26/2021,$33.12,31417,$33.08,$33.16,$32.891
03/25/2021,$32.97,43450,$32.419,$33.02,$32.26
03/24/2021,$32.52,34344,$32.588,$32.83,$32.39
03/23/2021,$32.886,41436,$33.60,$33.60,$32.87
03/22/2021,$33.68,80802,$33.65,$33.84,$33.52
03/19/2021,$32.87,82718,$33.25,$33.25,$32.6207
03/18/2021,$33.80,210010,$35.01,$35.01,$33.75
03/17/2021,$34.355,169793,$33.60,$34.45,$33.42
03/16/2021,$31.95,151351,$32.08,$32.13,$31.87
03/15/2021,$31.135,62102,$31.245,$31.275,$30.92
03/12/2021,$31.18,48785,$30.81,$31.18,$30.62
03/11/2021,$31.29,76881,$31.517,$31.668,$31.10
03/10/2021,$32.375,53119,$32.02,$32.43,$31.9475
03/09/2021,$31.63,118039,$31.42,$31.69,$31.35
03/08/2021,$31.575,87794,$30.92,$31.62,$30.80
03/05/2021,$30.375,40588,$30.53,$30.57,$30.04
03/04/2021,$30.29,69285,$30.56,$30.74,$30.08
03/03/2021,$30.51,66174,$30.04,$30.69,$30.04
03/02/2021,$29.30,54087,$29.38,$29.64,$29.07
03/01/2021,$28.99,129223,$28.90,$29.15,$28.83
02/26/2021,$28.89,62757,$29.032,$29.09,$28.73
02/25/2021,$28.8212,77407,$29.49,$29.62,$28.74
02/24/2021,$28.74,33482,$28.51,$28.74,$28.395
02/23/2021,$28.27,50827,$28.43,$28.43,$27.90
02/22/2021,$28.89,73334,$28.615,$29.06,$28.51
02/19/2021,$28.88,32947,$29.05,$29.125,$28.82
02/18/2021,$28.765,30910,$28.90,$28.90,$28.54
02/17/2021,$28.61,35725,$28.683,$28.76,$28.45
02/16/2021,$28.66,40470,$28.78,$28.78,$28.55
02/12/2021,$28.55,36243,$28.25,$28.55,$28.25
02/11/2021,$28.60,36697,$28.70,$28.84,$28.453
02/10/2021,$28.25,35369,$28.52,$28.59,$28.20
02/09/2021,$28.39,280908,$28.13,$28.45,$28.0464
02/08/2021,$28.18,70091,$28.31,$28.49,$28.04
02/05/2021,$28.16,50697,$28.33,$28.38,$28.08
02/04/2021,$28.37,51829,$28.54,$28.55,$28.25
02/03/2021,$28.94,73874,$29.00,$29.12,$28.8525
02/02/2021,$28.85,41836,$28.826,$28.85,$28.62
02/01/2021,$28.29,43830,$28.17,$28.35,$28.10
01/29/2021,$28.325,51116,$28.61,$28.71,$28.15
01/28/2021,$28.85,42406,$28.464,$28.86,$28.46
01/27/2021,$28.60,51539,$28.88,$29.48,$28.44
01/26/2021,$29.29,38821,$29.57,$29.62,$29.22
01/25/2021,$28.605,58043,$28.54,$28.605,$28.1607
01/22/2021,$28.96,28895,$29.10,$29.15,$28.92
01/21/2021,$29.02,38391,$28.75,$29.02,$28.6005
01/20/2021,$28.70,44207,$28.27,$28.70,$28.26
01/19/2021,$27.75,59686,$28.03,$28.03,$27.63
01/15/2021,$27.85,82315,$28.00,$28.06,$27.68
01/14/2021,$28.30,30916,$28.34,$28.51,$28.1918
01/13/2021,$28.05,33791,$28.13,$28.18,$28.01
01/12/2021,$28.50,63566,$28.06,$28.51,$27.94
01/11/2021,$28.135,65774,$27.97,$28.23,$27.83
01/08/2021,$28.88,48910,$28.85,$28.88,$28.56
01/07/2021,$29.12,44622,$29.275,$29.355,$28.97
01/06/2021,$29.17,80951,$28.96,$29.30,$28.92
01/05/2021,$29.108,27238,$28.99,$29.215,$28.88
01/04/2021,$29.215,56290,$29.89,$29.97,$29.04
12/31/2020,$29.35,34463,$29.70,$30.375,$28.97
12/30/2020,$29.4772,17417,$29.58,$29.67,$29.41
12/29/2020,$29.75,21074,$29.855,$29.885,$29.70
12/28/2020,$29.89,30613,$30.03,$30.22,$29.88
12/24/2020,$29.95,14856,$29.925,$30.00,$29.745
12/23/2020,$29.88,18307,$29.53,$29.99,$29.53
12/22/2020,$29.235,27049,$29.56,$29.56,$29.16
12/21/2020,$29.75,41228,$29.12,$29.84,$28.97
12/18/2020,$30.34,46163,$30.46,$30.46,$30.15
12/17/2020,$30.25,28812,$30.505,$30.55,$30.1412
12/16/2020,$30.31,45047,$30.56,$30.56,$30.0772
12/15/2020,$30.0403,30803,$29.67,$30.09,$29.67
12/14/2020,$29.0464,35260,$29.27,$29.36,$29.04
12/11/2020,$28.56,35478,$28.61,$28.642,$28.322
12/10/2020,$28.905,63629,$28.92,$29.0455,$28.77
12/09/2020,$29.41,19985,$29.68,$29.755,$29.31
12/08/2020,$29.50,53357,$29.49,$29.65,$29.4704
12/07/2020,$29.75,71046,$29.88,$29.90,$29.71
12/04/2020,$30.22,26796,$30.335,$30.34,$30.095
12/03/2020,$29.90,34103,$29.954,$30.13,$29.721
12/02/2020,$29.98,27679,$29.79,$30.00,$29.62
12/01/2020,$30.03,34298,$29.75,$30.14,$29.66
11/30/2020,$28.99,93584,$29.44,$29.46,$28.99
11/27/2020,$29.07,21751,$29.20,$29.31,$29.02
11/25/2020,$29.95,37884,$29.98,$30.01,$29.61
11/24/2020,$30.405,41962,$29.89,$30.44,$29.87
11/23/2020,$29.27,72279,$29.32,$29.38,$29.06
11/20/2020,$29.21,36000,$29.26,$29.275,$29.12
11/19/2020,$29.355,119830,$29.02,$29.36,$28.97
11/18/2020,$28.902,60766,$28.905,$29.21,$28.87
11/17/2020,$28.82,53062,$28.725,$28.92,$28.57
11/16/2020,$28.73,51821,$28.64,$28.75,$28.44
11/13/2020,$27.91,39872,$27.785,$28.00,$27.76
11/12/2020,$27.5192,69678,$27.49,$27.85,$27.45
11/11/2020,$27.60,49632,$27.60,$27.67,$27.4345
11/10/2020,$27.34,84405,$27.04,$27.41,$27.04
11/09/2020,$26.36,81735,$27.015,$27.05,$26.36
11/06/2020,$25.2699,40225,$25.16,$25.31,$25.049
11/05/2020,$25.33,27449,$25.19,$25.449,$25.12
11/04/2020,$24.20,54408,$24.29,$24.50,$24.14
11/03/2020,$24.34,54343,$23.99,$24.59,$23.9206
11/02/2020,$23.13,32108,$23.16,$23.27,$22.90
10/30/2020,$22.83,23885,$22.772,$22.83,$22.56
10/29/2020,$22.78,32722,$22.63,$22.88,$22.485
10/28/2020,$22.52,75276,$22.70,$22.85,$22.40
10/27/2020,$24.06,31458,$24.44,$24.44,$24.01
10/26/2020,$24.84,18873,$24.96,$25.034,$24.698
10/23/2020,$25.26,22557,$25.40,$25.405,$25.07
10/22/2020,$25.20,29551,$25.05,$25.34,$25.04
10/21/2020,$25.16,43205,$25.285,$25.434,$25.06
10/20/2020,$25.175,60037,$25.14,$25.33,$25.105
10/19/2020,$24.68,70888,$24.70,$25.20,$24.60
10/16/2020,$24.65,47446,$24.58,$24.80,$24.55
10/15/2020,$24.24,31890,$23.84,$24.32,$23.81
10/14/2020,$24.95,14293,$25.09,$25.19,$24.85
10/13/2020,$25.095,29736,$25.12,$25.22,$24.9725
10/12/2020,$25.64,19292,$25.46,$25.69,$25.42
10/09/2020,$25.48,16426,$25.70,$25.70,$25.27
10/08/2020,$25.765,20873,$25.78,$25.841,$25.73
10/07/2020,$25.78,23321,$25.25,$25.79,$25.24
10/06/2020,$25.10,43459,$25.63,$25.69,$25.07
10/05/2020,$25.20,30346,$25.12,$25.20,$25.02
10/02/2020,$24.3925,31388,$24.06,$24.44,$24.06
10/01/2020,$24.45,31799,$24.50,$24.59,$24.325
09/30/2020,$24.22,52124,$24.1845,$24.4545,$24.08
09/29/2020,$24.15,23340,$24.154,$24.229,$23.986
09/28/2020,$24.02,53995,$23.80,$24.02,$23.76
09/25/2020,$23.07,41788,$22.885,$23.10,$22.785
09/24/2020,$23.58,44954,$23.43,$23.69,$23.28
09/23/2020,$23.41,79231,$23.99,$24.055,$23.41
09/22/2020,$23.83,55310,$23.92,$23.92,$23.56
09/21/2020,$23.90,56069,$23.99,$23.993,$23.46
09/18/2020,$25.1712,39193,$25.32,$25.41,$25.02
09/17/2020,$25.575,43914,$25.29,$25.59,$25.29
09/16/2020,$25.24,63743,$25.28,$25.46,$25.22
09/15/2020,$25.29,49512,$25.66,$25.66,$25.279
09/14/2020,$25.27,66904,$25.41,$25.41,$25.16
09/11/2020,$25.27,29342,$25.07,$25.41,$25.0255
09/10/2020,$24.825,49020,$25.42,$25.52,$24.78
09/09/2020,$25.03,104719,$25.085,$25.16,$25.00
09/08/2020,$24.63,65626,$24.49,$24.94,$24.49
09/04/2020,$24.508,44066,$24.28,$24.60,$23.90
09/03/2020,$23.80,30092,$24.165,$24.29,$23.75
09/02/2020,$24.00,38009,$23.83,$24.00,$23.76
09/01/2020,$23.78,25491,$23.90,$23.94,$23.7475
08/31/2020,$23.98,42639,$24.345,$24.345,$23.91
08/28/2020,$23.64,41925,$23.65,$23.68,$23.50
08/27/2020,$23.38,53078,$23.81,$23.81,$23.30
08/26/2020,$23.4268,54444,$23.18,$23.4268,$23.18
08/25/2020,$22.86,35018,$22.77,$22.86,$22.68
08/24/2020,$22.82,33097,$22.68,$22.915,$22.67
08/21/2020,$22.30,29996,$22.12,$22.3255,$22.10
08/20/2020,$22.66,18631,$22.49,$22.70,$22.44
08/19/2020,$22.825,33885,$22.915,$23.10,$22.81
08/18/2020,$22.87,36921,$22.965,$22.99,$22.69
08/17/2020,$22.87,55058,$22.96,$22.96,$22.80
08/14/2020,$22.80,34767,$22.72,$22.97,$22.69
08/13/2020,$22.835,29975,$23.05,$23.15,$22.768
08/12/2020,$23.14,29918,$23.39,$23.424,$23.06
08/11/2020,$22.55,67888,$22.97,$23.00,$22.55
08/10/2020,$21.7025,25153,$21.52,$21.73,$21.47
08/07/2020,$21.605,31273,$21.49,$21.75,$21.475
08/06/2020,$21.90,31694,$21.77,$21.98,$21.64
08/05/2020,$22.07,58682,$21.895,$22.1941,$21.87
08/04/2020,$22.81,62408,$22.36,$22.90,$22.34
08/03/2020,$22.00,43181,$21.79,$22.09,$21.735
07/31/2020,$21.455,76229,$21.8975,$21.8975,$21.22
07/30/2020,$22.31,55671,$22.005,$22.34,$21.80
07/29/2020,$22.93,79293,$22.73,$22.99,$22.6255
07/28/2020,$23.185,73935,$23.35,$23.4124,$23.17
07/27/2020,$23.46,27582,$23.43,$23.58,$23.38
07/24/2020,$23.335,62202,$23.27,$23.39,$23.205
07/23/2020,$23.22,149959,$23.70,$23.785,$23.21
07/22/2020,$23.305,98629,$22.94,$23.38,$22.94
07/21/2020,$23.18,114648,$23.27,$23.39,$23.15
07/20/2020,$22.61,28826,$22.65,$22.84,$22.416
07/17/2020,$22.80,31957,$22.82,$22.97,$22.67
07/16/2020,$22.54,73806,$22.44,$22.63,$22.22
07/15/2020,$22.27,22897,$22.30,$22.435,$22.1445
07/14/2020,$22.14,29735,$22.01,$22.14,$21.78
07/13/2020,$21.75,80437,$22.22,$22.35,$21.75
07/10/2020,$22.21,18927,$21.84,$22.245,$21.81
07/09/2020,$21.765,24917,$22.16,$22.29,$21.53
07/08/2020,$22.13,19847,$21.75,$22.13,$21.75
07/07/2020,$21.79,19456,$22.20,$22.23,$21.79
07/06/2020,$22.00,42162,$22.04,$22.165,$21.75
07/02/2020,$21.565,48568,$21.84,$22.08,$21.565
07/01/2020,$21.22,25571,$21.02,$21.355,$21.02
06/30/2020,$21.34,119569,$20.89,$21.41,$20.86
06/29/2020,$21.21,61536,$21.03,$21.29,$20.91
06/26/2020,$20.80,32750,$21.15,$21.15,$20.70
06/25/2020,$21.65,64090,$21.25,$21.65,$21.09
06/24/2020,$20.89,153973,$21.51,$21.5936,$20.89
06/23/2020,$21.83,51631,$22.435,$22.53,$21.83
06/22/2020,$21.75,43140,$21.625,$21.785,$21.472
06/19/2020,$21.06,32129,$21.48,$21.57,$21.00
06/18/2020,$21.39,24476,$21.27,$21.54,$21.19
06/17/2020,$21.35,20400,$21.42,$21.545,$21.215
06/16/2020,$21.40,46809,$21.64,$21.725,$21.10
06/15/2020,$21.40,36986,$20.68,$21.58,$20.57
06/12/2020,$21.23,32673,$21.324,$21.57,$20.79
06/11/2020,$20.61,98854,$21.185,$21.50,$20.50
06/10/2020,$22.36,33402,$22.44,$22.67,$22.22
06/09/2020,$22.41,135832,$22.43,$22.68,$22.29
06/08/2020,$23.085,105901,$23.07,$23.105,$22.72
06/05/2020,$22.335,192404,$22.519,$22.72,$22.28
06/04/2020,$21.915,122987,$21.60,$22.03,$21.54
06/03/2020,$21.83,135859,$21.46,$21.88,$21.46
06/02/2020,$20.69,56813,$20.60,$20.79,$20.495
06/01/2020,$20.26,53456,$19.685,$20.31,$19.685
05/29/2020,$19.67,40892,$19.555,$19.76,$19.37
05/28/2020,$19.78,75600,$20.00,$20.10,$19.78
05/27/2020,$20.235,321718,$20.09,$20.30,$19.695
05/26/2020,$18.992,336583,$18.992,$18.992,$18.992
05/22/2020,$18.30,89174,$18.43,$18.48,$18.1245
05/21/2020,$19.04,69947,$19.46,$19.46,$18.81
05/20/2020,$19.62,129996,$18.905,$19.62,$18.76
05/19/2020,$18.30,136512,$18.43,$18.48,$18.1245
05/18/2020,$19.01,161632,$17.96,$19.41,$17.865
05/15/2020,$17.65,106089,$16.78,$17.75,$16.78
05/14/2020,$17.14,88374,$16.61,$17.14,$16.40
05/13/2020,$17.375,74452,$17.95,$18.07,$17.25
05/12/2020,$18.14,156660,$18.65,$18.65,$18.14
05/11/2020,$18.62,97486,$18.49,$18.65,$18.40
05/08/2020,$18.51,94344,$18.33,$18.53,$18.22
05/07/2020,$17.75,94339,$17.785,$17.90,$17.63
05/06/2020,$18.085,72982,$18.44,$18.56,$18.00
05/05/2020,$19.02,95054,$19.178,$19.45,$19.02
05/04/2020,$18.915,71277,$18.75,$19.08,$18.73
05/01/2020,$19.10,80829,$19.425,$19.60,$19.10
04/30/2020,$19.665,62013,$19.61,$19.85,$19.43
04/29/2020,$20.20,107605,$20.00,$20.30,$19.98
04/28/2020,$18.835,119977,$19.24,$19.27,$18.80
04/27/2020,$18.49,117738,$18.04,$18.65,$18.04
04/24/2020,$17.71,71951,$17.77,$17.85,$17.48
04/23/2020,$17.77,70961,$17.73,$18.32,$17.69
04/22/2020,$17.735,84530,$17.76,$17.81,$17.58
04/21/2020,$17.61,158039,$17.725,$18.02,$17.575
04/20/2020,$18.30,295580,$18.24,$18.73,$18.145
04/17/2020,$19.045,113327,$18.755,$19.08,$18.63
04/16/2020,$17.87,107985,$17.80,$17.98,$17.66
04/15/2020,$17.716,133500,$17.995,$18.0255,$17.6345
04/14/2020,$18.84,222886,$18.82,$19.10,$18.77
04/13/2020,$18.25,106239,$18.99,$18.99,$17.87
04/09/2020,$18.69,158063,$18.48,$18.82,$18.38
04/08/2020,$17.905,147843,$18.143,$18.17,$17.75
04/07/2020,$17.88,220319,$18.35,$18.462,$17.70
04/06/2020,$17.76,235659,$17.09,$17.82,$17.055
04/03/2020,$16.09,126697,$16.203,$16.24,$15.90
04/02/2020,$16.405,155596,$15.995,$16.52,$15.995
04/01/2020,$16.04,266288,$16.30,$16.45,$15.93
03/31/2020,$17.10,231309,$16.995,$17.50,$16.969
03/30/2020,$17.04,293971,$16.50,$17.04,$16.25
03/27/2020,$16.82,122133,$16.78,$17.20,$16.612
03/26/2020,$17.57,123821,$16.97,$17.57,$16.85
03/25/2020,$16.85,225379,$16.48,$17.176,$16.075
03/24/2020,$16.31,215420,$15.74,$16.42,$15.50
03/23/2020,$14.30,232901,$14.21,$14.60,$13.94
03/20/2020,$14.30,204064,$14.21,$15.00,$14.205
03/19/2020,$13.41,243870,$13.88,$13.93,$13.26
03/18/2020,$14.20,302211,$14.05,$14.50,$13.80
03/17/2020,$14.69,304648,$14.58,$14.93,$14.25
03/16/2020,$14.88,578336,$14.85,$16.10,$14.75
03/13/2020,$17.65,288972,$18.10,$18.12,$16.64
03/12/2020,$16.65,537390,$17.64,$17.64,$16.15
03/11/2020,$18.85,130017,$19.435,$19.565,$18.76
03/10/2020,$19.72,289577,$19.91,$19.91,$19.05
03/09/2020,$19.14,176392,$19.81,$20.1665,$19.03
03/06/2020,$21.68,124448,$21.27,$21.86,$21.27
03/05/2020,$21.53,114270,$21.48,$21.78,$21.45
03/04/2020,$22.005,129938,$21.73,$22.07,$21.5945
03/03/2020,$21.22,258257,$21.69,$21.86,$21.08
03/02/2020,$21.85,111114,$21.69,$21.85,$21.254
02/28/2020,$21.64,222982,$21.02,$21.78,$21.00
02/27/2020,$21.53,169075,$21.75,$22.18,$21.51
02/26/2020,$22.09,115356,$22.32,$22.46,$22.03
02/25/2020,$21.87,116609,$22.25,$22.30,$21.84
02/24/2020,$22.16,165638,$22.01,$22.29,$22.00
02/21/2020,$23.28,41345,$23.38,$23.38,$23.22
02/20/2020,$23.62,31223,$23.79,$23.7955,$23.50
02/19/2020,$23.56,101756,$23.455,$23.60,$23.40
02/18/2020,$23.49,34605,$23.585,$23.69,$23.45
02/14/2020,$23.79,48019,$23.99,$23.99,$23.75
02/13/2020,$24.005,42944,$24.115,$24.16,$23.975
02/12/2020,$24.315,63416,$24.25,$24.37,$24.17
02/11/2020,$23.39,30896,$23.391,$23.46,$23.37
02/10/2020,$23.20,96621,$23.23,$23.27,$23.12
02/07/2020,$23.52,94322,$23.52,$23.635,$23.46
02/06/2020,$24.24,35914,$24.455,$24.465,$24.16
02/05/2020,$24.36,46654,$24.32,$24.37,$24.18
02/04/2020,$23.96,67310,$23.96,$23.98,$23.80
02/03/2020,$23.66,51660,$23.625,$23.7955,$23.60
01/31/2020,$23.64,103818,$23.835,$23.86,$23.569
01/30/2020,$24.2395,62715,$24.06,$24.24,$23.98
01/29/2020,$24.37,36318,$24.36,$24.47,$24.27
01/28/2020,$24.546,58641,$24.49,$24.64,$24.47
01/27/2020,$24.84,45174,$24.90,$24.96,$24.79
01/24/2020,$25.35,47383,$25.70,$25.70,$25.31
01/23/2020,$25.69,218752,$25.74,$25.79,$25.60
01/22/2020,$26.18,29607,$26.32,$26.32,$26.13
01/21/2020,$26.31,66061,$26.47,$26.485,$26.29
01/17/2020,$26.21,83218,$26.28,$26.29,$26.16
01/16/2020,$26.47,35248,$26.38,$26.489,$26.33
01/15/2020,$26.725,26587,$26.71,$26.87,$26.6995
01/14/2020,$27.12,24790,$27.04,$27.18,$27.04
01/13/2020,$27.34,41863,$27.25,$27.34,$27.18
01/10/2020,$27.53,62581,$27.599,$27.65,$27.47
01/09/2020,$27.54,32934,$27.675,$27.69,$27.47
01/08/2020,$27.73,48984,$27.49,$27.84,$27.455
01/07/2020,$27.46,32377,$27.465,$27.51,$27.42
01/06/2020,$27.25,24284,$26.98,$27.2775,$26.952
01/03/2020,$27.20,23240,$27.15,$27.39,$27.00
01/02/2020,$27.76,57426,$27.68,$27.80,$27.58
12/31/2019,$27.12,17304,$27.287,$27.287,$26.91
12/30/2019,$26.93,35326,$27.50,$27.50,$26.93
12/27/2019,$27.17,57862,$27.37,$27.40,$27.17
12/26/2019,$27.05,49187,$26.87,$27.05,$26.845
12/24/2019,$26.97,50268,$26.86,$27.04,$26.86
12/23/2019,$26.96,104852,$26.99,$27.176,$26.87
12/20/2019,$27.32,71694,$27.34,$27.36,$27.24
12/19/2019,$27.39,45087,$27.32,$27.438,$27.22
12/18/2019,$27.77,51516,$27.751,$27.82,$27.70
12/17/2019,$27.79,34693,$27.88,$27.91,$27.78
12/16/2019,$28.20,51849,$28.15,$28.2715,$28.12
12/13/2019,$28.13,35570,$28.51,$28.55,$28.063
12/12/2019,$27.78,39730,$27.45,$27.86,$27.45
12/11/2019,$27.48,31064,$27.37,$27.48,$27.32
12/10/2019,$27.00,52349,$26.82,$27.08,$26.77
12/09/2019,$26.88,54521,$27.038,$27.09,$26.88
12/06/2019,$27.21,36215,$27.14,$27.21,$27.075
12/05/2019,$26.965,48928,$27.05,$27.052,$26.88
12/04/2019,$26.85,99647,$26.77,$26.92,$26.73
12/03/2019,$26.73,70591,$26.46,$26.73,$26.35
12/02/2019,$26.55,60688,$26.68,$26.68,$26.46
11/29/2019,$26.87,15593,$26.87,$26.91,$26.835
11/27/2019,$27.43,99400,$27.32,$27.435,$27.2718
11/26/2019,$27.07,14951,$27.06,$27.105,$26.99
11/25/2019,$27.23,23117,$27.176,$27.2505,$27.1575
11/22/2019,$27.19,21928,$27.285,$27.30,$27.03
11/21/2019,$27.10,32716,$27.04,$27.13,$26.95
11/20/2019,$26.846,32189,$26.93,$26.995,$26.7775
11/19/2019,$27.03,28302,$27.25,$27.27,$26.991
11/18/2019,$26.99,29692,$26.83,$27.04,$26.805
11/15/2019,$27.37,26595,$27.325,$27.41,$27.315
11/14/2019,$26.95,21576,$26.93,$26.97,$26.85
11/13/2019,$26.97,33794,$26.92,$27.01,$26.86
11/12/2019,$27.35,19492,$27.53,$27.53,$27.35
11/11/2019,$27.55,113722,$27.51,$27.64,$27.51
11/08/2019,$27.57,59692,$27.50,$27.58,$27.447
11/07/2019,$27.31,26498,$27.42,$27.445,$27.27
11/06/2019,$27.02,33093,$26.86,$27.11,$26.77
11/05/2019,$26.705,79107,$26.87,$26.94,$26.61
11/04/2019,$26.46,82621,$26.56,$26.62,$26.43
11/01/2019,$25.80,60890,$25.80,$25.88,$25.72
10/31/2019,$25.49,36131,$25.405,$25.52,$25.34
10/30/2019,$25.764,24402,$25.503,$25.77,$25.47
10/29/2019,$25.84,54477,$25.75,$25.85,$25.731
10/28/2019,$25.83,26582,$25.8975,$25.985,$25.7865
10/25/2019,$25.59,25278,$25.565,$25.69,$25.55
10/24/2019,$25.51,35698,$25.68,$25.68,$25.42
10/23/2019,$25.46,20751,$25.545,$25.56,$25.35
10/22/2019,$25.20,30349,$25.205,$25.40,$25.20
10/21/2019,$25.175,58077,$25.35,$25.35,$25.10
10/18/2019,$25.09,117080,$25.09,$25.10,$24.94
10/17/2019,$24.80,58068,$25.36,$25.415,$24.80
10/16/2019,$24.72,102676,$24.82,$24.835,$24.7075
10/15/2019,$24.50,83050,$24.03,$24.55,$24.014
10/14/2019,$23.83,41115,$23.77,$23.86,$23.73
10/11/2019,$23.735,52752,$23.76,$23.85,$23.72
10/10/2019,$23.152,115811,$23.00,$23.26,$22.99
10/09/2019,$22.805,39088,$22.855,$22.855,$22.715
10/08/2019,$22.52,54410,$22.50,$22.65,$22.44
10/07/2019,$22.85,53416,$22.75,$22.97,$22.745
10/04/2019,$22.86,47702,$22.615,$22.89,$22.61
10/03/2019,$23.08,50646,$23.00,$23.18,$22.75
10/02/2019,$22.995,80528,$23.01,$23.15,$22.94
10/01/2019,$23.385,31277,$23.68,$23.76,$23.32
09/30/2019,$23.405,41209,$23.38,$23.47,$23.33
09/27/2019,$23.118,43236,$23.13,$23.2075,$23.065
09/26/2019,$23.00,59300,$23.08,$23.08,$22.95
09/25/2019,$23.13,77720,$22.94,$23.1475,$22.86
09/24/2019,$23.23,83802,$23.415,$23.42,$23.15
09/23/2019,$23.40,24724,$23.30,$23.44,$23.27
09/20/2019,$23.795,33238,$23.88,$23.89,$23.77
09/19/2019,$23.81,27406,$23.905,$23.92,$23.80
09/18/2019,$23.80,34285,$23.71,$23.85,$23.64
09/17/2019,$23.77,44154,$23.50,$23.78,$23.485
09/16/2019,$23.82,36268,$23.75,$23.892,$23.73
09/13/2019,$23.94,102676,$24.16,$24.16,$23.909
09/12/2019,$23.7715,35891,$23.53,$23.84,$23.465
09/11/2019,$23.389,58253,$23.44,$23.46,$23.21
09/10/2019,$23.39,71035,$23.63,$23.63,$23.3742
09/09/2019,$23.28,64529,$23.17,$23.28,$23.15
09/06/2019,$22.79,65122,$23.13,$23.13,$22.74
09/05/2019,$22.88,62686,$22.988,$23.09,$22.86
09/04/2019,$22.47,157095,$22.53,$22.53,$22.38
09/03/2019,$22.10,57477,$22.03,$22.10,$21.98
08/30/2019,$22.32,28790,$22.45,$22.48,$22.17
08/29/2019,$22.20,51993,$22.15,$22.23,$22.079
08/28/2019,$21.99,41951,$21.83,$22.0476,$21.75
08/27/2019,$21.90,110397,$22.19,$22.21,$21.90
08/26/2019,$22.05,85430,$22.10,$22.12,$21.945
08/23/2019,$21.61,85081,$21.85,$22.01,$21.61
08/22/2019,$22.39,67800,$22.525,$22.53,$22.27
08/21/2019,$22.40,47171,$22.60,$22.60,$22.32
08/20/2019,$22.02,190874,$22.15,$22.22,$22.02
08/19/2019,$22.27,71071,$22.41,$22.41,$22.27
08/16/2019,$22.12,131202,$21.83,$22.12,$21.805
08/15/2019,$21.75,204802,$21.875,$21.90,$21.655
08/14/2019,$22.02,158596,$22.175,$22.26,$22.016
08/13/2019,$22.81,126507,$22.47,$23.08,$22.43
08/12/2019,$22.652,45718,$22.72,$22.79,$22.61
08/09/2019,$22.84,81580,$22.79,$23.00,$22.655
08/08/2019,$23.26,55194,$23.25,$23.41,$23.25
08/07/2019,$23.39,107234,$23.14,$23.44,$23.08
08/06/2019,$23.42,198860,$23.415,$23.55,$23.23
08/05/2019,$23.54,192604,$23.485,$23.67,$23.30
08/02/2019,$23.885,213748,$23.76,$24.02,$23.65
08/01/2019,$24.48,62872,$24.78,$24.97,$24.24
07/31/2019,$24.50,53520,$24.82,$24.82,$24.24
07/30/2019,$24.83,47952,$24.75,$24.885,$24.716
07/29/2019,$25.28,31149,$25.21,$25.34,$25.16
07/26/2019,$25.45,30372,$25.40,$25.49,$25.35
07/25/2019,$25.542,76953,$25.665,$25.725,$25.33
07/24/2019,$26.01,60863,$25.99,$26.10,$25.91
07/23/2019,$25.838,72361,$25.80,$25.922,$25.66
07/22/2019,$24.72,183094,$24.94,$24.98,$24.72
07/19/2019,$24.75,1463674,$24.95,$24.976,$24.67
07/18/2019,$24.79,120354,$24.75,$24.86,$24.66
07/17/2019,$24.73,121368,$25.00,$25.04,$24.70
07/16/2019,$25.05,70330,$24.98,$25.11,$24.98
07/15/2019,$25.03,84924,$25.14,$25.195,$24.99
07/12/2019,$24.75,38386,$24.855,$24.855,$24.66
07/11/2019,$24.49,61231,$24.655,$24.655,$24.42
07/10/2019,$24.68,739871,$24.72,$24.74,$24.5597
07/09/2019,$24.83,1067777,$24.64,$24.83,$24.5549
07/08/2019,$24.86,86944,$24.89,$25.00,$24.83
07/05/2019,$25.10,1527085,$25.02,$25.16,$24.94
07/03/2019,$25.035,23749,$25.02,$25.07,$24.92
07/02/2019,$24.54,62218,$24.725,$24.725,$24.52
07/01/2019,$24.51,61581,$24.88,$24.93,$24.43
06/28/2019,$24.59,61618,$24.59,$24.71,$24.53
06/27/2019,$24.63,66810,$24.77,$24.792,$24.57
06/26/2019,$24.45,47660,$24.41,$24.56,$24.35
06/25/2019,$23.79,58702,$24.11,$24.11,$23.78
06/24/2019,$24.12,69196,$24.33,$24.33,$24.11
06/21/2019,$24.30,119786,$24.32,$24.40,$24.29
06/20/2019,$24.43,85313,$24.35,$24.4501,$24.25
06/19/2019,$24.075,81970,$23.985,$24.14,$23.97
06/18/2019,$23.77,158063,$23.5675,$23.81,$23.5675
06/17/2019,$23.24,84681,$23.46,$23.46,$23.24
06/14/2019,$23.37,279243,$23.50,$23.50,$23.2788
06/13/2019,$23.60,47334,$23.60,$23.71,$23.518
06/12/2019,$23.554,44774,$23.75,$23.75,$23.5375
06/11/2019,$23.78,202241,$23.82,$23.90,$23.71
06/10/2019,$23.63,66981,$23.79,$23.79,$23.61
06/07/2019,$23.575,49497,$23.55,$23.69,$23.48
06/06/2019,$23.70,75513,$23.55,$23.72,$23.235
06/05/2019,$23.60,58722,$23.76,$23.76,$23.50
06/04/2019,$23.845,96338,$23.65,$23.89,$23.65
06/03/2019,$23.08,102045,$22.93,$23.08,$22.93
05/31/2019,$23.0401,111482,$22.97,$23.15,$22.87
05/30/2019,$23.50,67484,$23.45,$23.50,$23.39
05/29/2019,$23.511,142592,$23.41,$23.56,$23.393
05/28/2019,$23.71,67811,$23.975,$24.11,$23.64
05/24/2019,$23.825,81418,$23.75,$23.85,$23.696
05/23/2019,$23.645,69804,$23.45,$23.72,$23.40
05/22/2019,$23.75,84708,$23.82,$23.92,$23.75
05/21/2019,$24.194,128317,$24.055,$24.25,$23.925
05/20/2019,$24.14,88068,$24.00,$24.2299,$23.92
05/17/2019,$24.57,257799,$24.53,$24.72,$24.50
05/16/2019,$25.97,85900,$26.00,$26.04,$25.815
05/15/2019,$26.155,130086,$24.76,$26.74,$24.75
05/14/2019,$25.427,94256,$25.37,$25.46,$25.15
05/13/2019,$25.37,87567,$25.20,$25.53,$25.165
05/10/2019,$26.105,89499,$25.90,$26.22,$25.70
05/09/2019,$26.16,195003,$25.76,$26.29,$25.66
05/08/2019,$26.61,56677,$26.37,$26.76,$26.31
05/07/2019,$26.715,52537,$27.08,$27.08,$26.59
05/06/2019,$27.69,44976,$27.18,$27.77,$27.18
05/03/2019,$28.265,19797,$28.02,$28.28,$28.01
05/02/2019,$28.06,25418,$28.23,$28.253,$28.06
05/01/2019,$28.06,62852,$28.39,$28.65,$28.03
04/30/2019,$28.39,31658,$28.255,$28.4265,$28.165
04/29/2019,$28.265,45306,$28.20,$28.306,$28.14
04/26/2019,$28.27,24774,$28.19,$28.37,$28.08
04/25/2019,$28.10,59945,$28.30,$28.30,$28.06
04/24/2019,$28.345,43261,$28.48,$28.51,$28.29
04/23/2019,$28.945,25762,$28.99,$29.00,$28.88
04/22/2019,$29.22,33337,$28.98,$29.25,$28.98
04/18/2019,$29.22,67806,$29.11,$29.22,$29.04
04/17/2019,$29.10,59358,$29.19,$29.23,$29.00
04/16/2019,$28.71,33690,$28.725,$28.785,$28.686
04/15/2019,$28.43,28339,$28.51,$28.53,$28.40
04/12/2019,$28.30,43839,$28.31,$28.45,$28.26
04/11/2019,$27.55,32902,$27.62,$27.70,$27.48
04/10/2019,$27.52,35534,$27.445,$27.61,$27.39
04/09/2019,$27.415,75674,$27.43,$27.53,$27.39
04/08/2019,$27.565,41689,$27.61,$27.67,$27.53
04/05/2019,$26.80,90352,$27.67,$27.74,$26.77
04/04/2019,$27.395,60585,$27.46,$27.57,$27.30
04/03/2019,$27.16,92874,$27.19,$27.25,$27.1142
04/02/2019,$26.69,107566,$26.64,$26.754,$26.51
04/01/2019,$26.13,56889,$26.16,$26.18,$26.03
03/29/2019,$25.71,51322,$25.61,$25.75,$25.485
03/28/2019,$25.465,77571,$25.53,$25.57,$25.33
03/27/2019,$25.64,96162,$25.76,$25.816,$25.40
03/26/2019,$25.615,112580,$25.62,$26.098,$25.54
03/25/2019,$26.04,80957,$26.01,$26.14,$25.94
03/22/2019,$26.10,100254,$26.29,$26.328,$26.026
03/21/2019,$27.05,57621,$26.98,$27.09,$26.845
03/20/2019,$27.515,76241,$27.16,$27.67,$27.12
03/19/2019,$28.485,47747,$28.83,$28.90,$28.46
03/18/2019,$28.09,41692,$28.05,$28.096,$27.935
03/15/2019,$27.97,101248,$27.96,$28.03,$27.816
03/14/2019,$27.755,30990,$27.92,$27.95,$27.69
03/13/2019,$27.76,49025,$27.58,$27.79,$27.58
03/12/2019,$27.465,36015,$27.52,$27.56,$27.355
03/11/2019,$27.465,45891,$27.17,$27.47,$27.17
03/08/2019,$27.05,51924,$26.80,$27.10,$26.75
03/07/2019,$27.17,36444,$27.46,$27.46,$27.05
03/06/2019,$28.01,37274,$28.09,$28.112,$27.98
03/05/2019,$28.06,58409,$28.22,$28.3455,$27.89
03/04/2019,$28.085,40031,$28.29,$28.29,$27.94
03/01/2019,$28.395,33032,$28.495,$28.502,$28.30
02/28/2019,$28.16,33681,$28.15,$28.24,$28.06
02/27/2019,$28.085,65052,$28.18,$28.21,$27.96
02/26/2019,$28.075,37032,$27.94,$28.12,$27.936
02/25/2019,$27.825,59181,$28.22,$28.22,$27.82
02/22/2019,$27.63,52156,$27.67,$27.84,$27.57
02/21/2019,$27.555,60912,$27.68,$27.73,$27.47
02/20/2019,$27.49,93495,$27.45,$27.67,$27.38
02/19/2019,$26.91,105555,$26.62,$26.95,$26.58
02/15/2019,$26.72,60942,$26.67,$26.76,$26.54
02/14/2019,$26.17,67967,$26.24,$26.36,$26.125
02/13/2019,$26.51,102240,$26.55,$26.60,$26.45
02/12/2019,$26.42,155629,$26.36,$26.515,$26.35
02/11/2019,$26.09,83041,$26.00,$26.20,$25.97
02/08/2019,$26.42,52978,$26.50,$26.50,$26.16
02/07/2019,$26.995,51193,$27.34,$27.34,$26.921
02/06/2019,$27.895,71593,$27.98,$28.022,$27.88
02/05/2019,$28.035,116190,$28.08,$28.08,$27.9605
02/04/2019,$28.04,75592,$27.96,$28.05,$27.82
02/01/2019,$28.27,75904,$28.27,$28.43,$28.19
01/31/2019,$28.125,56465,$27.80,$28.20,$27.80
01/30/2019,$28.2198,49636,$27.94,$28.27,$27.8449
01/29/2019,$28.15,69491,$28.35,$28.35,$28.15
01/28/2019,$28.255,93126,$28.18,$28.29,$28.09
01/25/2019,$28.25,54846,$28.25,$28.44,$28.20
01/24/2019,$27.57,66541,$27.515,$27.74,$27.46
01/23/2019,$27.41,49173,$27.44,$27.54,$27.32
01/22/2019,$27.405,152385,$27.46,$27.60,$27.3412
01/18/2019,$27.965,107940,$27.92,$28.00,$27.75
01/17/2019,$27.23,113776,$27.00,$27.45,$26.95
01/16/2019,$27.125,99698,$27.17,$27.23,$27.07
01/15/2019,$27.29,49781,$27.30,$27.39,$27.15
01/14/2019,$27.485,346756,$27.35,$27.57,$27.35
01/11/2019,$27.48,77629,$27.34,$27.56,$27.302
01/10/2019,$27.93,65250,$27.77,$27.994,$27.70
01/09/2019,$28.05,54398,$28.06,$28.165,$27.855
01/08/2019,$27.68,138635,$28.03,$28.05,$27.53
01/07/2019,$27.65,113203,$27.52,$27.71,$27.45
01/04/2019,$27.395,103357,$26.847,$27.43,$26.836
01/03/2019,$26.255,67134,$26.35,$26.35,$26.18
01/02/2019,$26.505,133864,$26.184,$26.52,$26.175
12/31/2018,$26.97,246400,$26.89,$27.34,$26.75
12/28/2018,$26.95,191980,$26.93,$27.09,$26.80
12/27/2018,$26.885,179689,$26.57,$26.885,$26.232
12/26/2018,$26.83,158911,$26.73,$27.08,$26.05
12/24/2018,$26.315,97713,$26.67,$27.00,$26.29
12/21/2018,$26.83,156968,$27.045,$27.25,$26.73
12/20/2018,$27.16,173513,$27.39,$27.46,$27.00
12/19/2018,$27.515,112630,$27.92,$28.25,$27.35
12/18/2018,$27.85,152107,$28.01,$28.07,$27.72
12/17/2018,$27.645,173603,$27.89,$28.03,$27.53
12/14/2018,$27.77,138634,$27.79,$28.00,$27.76
12/13/2018,$27.925,175252,$28.095,$28.11,$27.84
12/12/2018,$27.495,118301,$27.49,$27.69,$27.42
12/11/2018,$26.925,357108,$27.315,$27.315,$26.75
12/10/2018,$26.70,189363,$26.69,$26.76,$26.34
12/07/2018,$27.115,136027,$27.25,$27.52,$27.02
12/06/2018,$27.35,322315,$27.32,$27.5188,$27.15
12/04/2018,$27.63,127764,$28.40,$28.44,$27.60
12/03/2018,$28.60,125507,$28.715,$28.8245,$28.36
11/30/2018,$27.3793,76125,$27.101,$27.3793,$27.10
11/29/2018,$27.715,81269,$27.59,$27.76,$27.45
11/28/2018,$28.13,202743,$27.885,$28.19,$27.51
11/27/2018,$27.785,123750,$28.31,$28.31,$27.605
11/26/2018,$28.30,93622,$28.303,$28.4903,$28.16
11/23/2018,$27.685,29713,$27.60,$27.78,$27.60
11/21/2018,$28.09,121369,$27.95,$28.28,$27.87
11/20/2018,$27.865,107790,$28.00,$28.11,$27.80
11/19/2018,$28.24,128883,$28.38,$28.454,$28.16
11/16/2018,$28.105,58919,$27.82,$28.17,$27.76
11/15/2018,$28.215,54868,$27.82,$28.27,$27.65
11/14/2018,$28.14,116355,$28.56,$28.565,$27.88
11/13/2018,$27.59,274364,$27.21,$27.827,$27.21
11/12/2018,$27.06,82686,$27.26,$27.29,$27.05
11/09/2018,$27.70,134863,$27.56,$27.775,$27.52
11/08/2018,$27.85,138901,$28.195,$28.21,$27.80
11/07/2018,$28.53,91450,$28.545,$28.56,$28.21
11/06/2018,$29.345,122860,$29.2399,$29.38,$29.1145
11/05/2018,$29.41,86761,$29.535,$29.61,$29.24
11/02/2018,$29.585,67810,$29.675,$29.80,$29.34
11/01/2018,$29.19,81936,$29.11,$29.2455,$28.94
10/31/2018,$28.72,72777,$28.775,$29.11,$28.69
10/30/2018,$29.02,84727,$29.045,$29.188,$28.77
10/29/2018,$28.765,130544,$29.405,$29.44,$28.39
10/26/2018,$28.495,101185,$28.18,$28.70,$28.02
10/25/2018,$28.223,128887,$28.13,$28.36,$28.02
10/24/2018,$27.225,75560,$27.80,$27.84,$27.14
10/23/2018,$28.535,297234,$28.38,$28.73,$27.92
10/22/2018,$28.51,75513,$28.54,$28.60,$28.33
10/19/2018,$28.68,101998,$28.16,$28.77,$28.13
10/18/2018,$28.475,100553,$28.96,$29.08,$28.39
10/17/2018,$28.905,140701,$28.95,$29.12,$28.68
10/16/2018,$29.325,148013,$29.15,$29.35,$29.14
10/15/2018,$29.045,163262,$29.16,$29.28,$28.98
10/12/2018,$28.845,173977,$28.98,$29.00,$28.38
10/11/2018,$28.61,116285,$28.92,$28.937,$28.33
10/10/2018,$28.545,81543,$28.99,$29.07,$28.50
10/09/2018,$29.24,165623,$29.13,$29.331,$28.95
10/08/2018,$29.55,61855,$29.42,$29.59,$29.26
10/05/2018,$29.81,71021,$29.98,$29.98,$29.65
10/04/2018,$29.995,73685,$30.33,$30.37,$29.87
10/03/2018,$30.37,67868,$30.58,$30.58,$30.32
10/02/2018,$30.26,139063,$30.315,$30.39,$30.165
10/01/2018,$30.125,63442,$30.32,$30.46,$30.10
09/28/2018,$30.04,95294,$30.06,$30.19,$29.92
09/27/2018,$30.63,109235,$30.62,$30.85,$30.55
09/26/2018,$30.88,273064,$30.65,$31.14,$30.61
09/25/2018,$30.89,567947,$31.28,$31.40,$30.87
09/24/2018,$32.76,85183,$33.01,$33.04,$32.73
09/21/2018,$33.53,109212,$33.67,$33.71,$33.45
09/20/2018,$33.63,76199,$33.45,$33.64,$33.33
09/19/2018,$32.565,45468,$32.36,$32.63,$32.351
09/18/2018,$32.26,42982,$32.24,$32.34,$32.149
09/17/2018,$32.015,87186,$32.175,$32.22,$31.97
09/14/2018,$32.19,125462,$32.24,$32.35,$32.00
09/13/2018,$32.245,132037,$32.26,$32.40,$32.08
09/12/2018,$31.50,84630,$31.15,$31.67,$31.15
09/11/2018,$31.30,105866,$31.12,$31.36,$31.08
09/10/2018,$31.395,66987,$31.54,$31.55,$31.28
09/07/2018,$31.19,57454,$31.21,$31.42,$31.10
09/06/2018,$31.35,54225,$31.455,$31.5375,$31.18
09/05/2018,$31.605,54810,$31.78,$31.80,$31.4675
09/04/2018,$31.65,33912,$31.475,$31.67,$31.40
08/31/2018,$32.28,69030,$32.505,$32.59,$32.13
08/30/2018,$32.83,52519,$32.845,$33.04,$32.75
08/29/2018,$32.96,68831,$32.61,$32.96,$32.56
08/28/2018,$32.945,64049,$33.105,$33.13,$32.91
08/27/2018,$32.465,56666,$32.22,$32.49,$32.20
08/24/2018,$31.60,42188,$31.39,$31.60,$31.30
08/23/2018,$31.26,70675,$31.27,$31.44,$31.22
08/22/2018,$31.90,84948,$31.62,$31.96,$31.59
08/21/2018,$32.045,101057,$31.92,$32.17,$31.815
08/20/2018,$31.35,449574,$31.29,$31.42,$31.225
08/17/2018,$31.25,91331,$30.85,$31.29,$30.78
08/16/2018,$31.085,130500,$31.07,$31.245,$31.05
08/15/2018,$30.83,80821,$30.79,$30.91,$30.54
08/14/2018,$31.40,105250,$31.27,$31.50,$31.18
08/13/2018,$31.65,65309,$31.91,$31.91,$31.60
08/10/2018,$31.78,77841,$31.765,$31.88,$31.63
08/09/2018,$32.63,36243,$32.85,$32.88,$32.62
08/08/2018,$32.74,70113,$32.67,$32.78,$32.60
08/07/2018,$32.59,35487,$32.80,$32.80,$32.52
08/06/2018,$32.235,36602,$32.24,$32.32,$32.10
08/03/2018,$31.96,41294,$31.951,$32.03,$31.8325
08/02/2018,$31.585,62970,$31.39,$31.63,$31.25
08/01/2018,$31.68,205805,$31.68,$31.8781,$31.60
07/31/2018,$32.355,176039,$32.43,$32.52,$32.30
07/30/2018,$32.309,40984,$32.26,$32.45,$32.26
07/27/2018,$32.125,63816,$32.11,$32.292,$32.05
07/26/2018,$32.26,74304,$32.33,$32.445,$32.175
07/25/2018,$31.97,72860,$31.32,$32.06,$30.91
07/24/2018,$31.745,70336,$32.02,$32.08,$31.676
07/23/2018,$31.29,33288,$31.09,$31.29,$31.09
07/20/2018,$30.93,58896,$30.71,$31.00,$30.62
07/19/2018,$31.33,53490,$31.245,$31.3975,$31.155
07/18/2018,$31.435,67029,$31.38,$31.48,$31.27
07/17/2018,$31.35,132041,$30.96,$31.44,$30.96
07/16/2018,$30.98,70870,$30.865,$31.01,$30.84
07/13/2018,$31.07,46105,$30.99,$31.07,$30.88
07/12/2018,$30.955,79126,$30.92,$31.00,$30.86
07/11/2018,$30.65,59304,$30.77,$30.9125,$30.61
07/10/2018,$31.335,60987,$31.33,$31.38,$31.21
07/09/2018,$31.49,59735,$31.40,$31.52,$31.3218
07/06/2018,$31.44,57535,$31.36,$31.56,$31.235
07/05/2018,$31.52,62992,$31.52,$31.57,$30.30
07/03/2018,$30.125,35306,$30.39,$30.39,$30.11
07/02/2018,$30.29,103830,$30.21,$30.34,$30.03
06/29/2018,$30.175,72382,$30.17,$30.36,$30.10
06/28/2018,$30.00,97389,$29.90,$30.08,$29.78
06/27/2018,$30.055,229830,$30.59,$30.77,$30.05
06/26/2018,$30.58,127763,$30.44,$30.67,$30.26
06/25/2018,$30.805,88676,$30.75,$30.86,$30.64
06/22/2018,$31.135,114022,$31.24,$31.27,$30.69
06/21/2018,$31.33,61842,$31.46,$31.47,$31.19
06/20/2018,$32.27,64921,$32.46,$32.46,$32.24
06/19/2018,$32.51,46585,$32.29,$32.55,$32.24
06/18/2018,$32.78,61642,$32.60,$32.81,$32.56
06/15/2018,$33.305,33417,$33.14,$33.32,$33.06
06/14/2018,$33.315,112087,$33.335,$33.5755,$33.28
06/13/2018,$32.94,748200,$33.25,$33.29,$32.67
06/12/2018,$33.455,46707,$33.61,$33.6585,$33.36
06/11/2018,$33.60,40349,$33.27,$33.72,$33.20
06/08/2018,$33.665,34859,$33.55,$33.74,$33.3603
06/07/2018,$33.88,39879,$34.27,$34.27,$33.76
06/06/2018,$34.30,58738,$33.93,$34.32,$33.805
06/05/2018,$33.755,57477,$33.90,$34.00,$33.706
06/04/2018,$33.53,219078,$33.76,$33.85,$33.49
06/01/2018,$33.50,121494,$33.645,$33.704,$33.40
05/31/2018,$33.405,32760,$33.35,$33.46,$33.10
05/30/2018,$33.65,52829,$33.26,$33.67,$33.15
05/29/2018,$33.085,76515,$33.10,$34.00,$32.87
05/25/2018,$34.03,27502,$33.815,$34.052,$33.6375
05/24/2018,$34.31,69289,$33.89,$34.31,$33.817
05/23/2018,$34.86,56885,$34.831,$34.8612,$34.59
05/22/2018,$35.60,65547,$35.87,$35.88,$35.59
05/21/2018,$35.22,19233,$35.172,$35.34,$35.03
05/18/2018,$34.93,28730,$34.84,$35.05,$34.79
05/17/2018,$36.65,42856,$36.71,$36.88,$36.60
05/16/2018,$36.34,34852,$36.34,$36.50,$36.17
05/15/2018,$36.34,22906,$36.23,$36.51,$36.16
05/14/2018,$36.57,31216,$36.595,$36.69,$36.52
05/11/2018,$36.65,27622,$36.63,$36.82,$36.61
05/10/2018,$36.81,25957,$36.52,$36.81,$36.42
